Add-on Board Name, Product URL, Status, KCONFIG, PWM Pin State, INT Pin State, RX Pin State, TX Pin State, SCL Pin State, SDA Pin State, MOSI Pin State, MISO Pin State, SCK Pin State, CS Pin State, RST Pin State, AN Pin State, Device Driver ID, Protocol, Reg, IRQ Pin, IRQ Type, SPI Max Speed, SPI Mode, Properties, More Devices
10DOF CLICK, https://www.mikroe.com/10dof-click, LIMITED_FEAT, CONFIG_BMP280_I2C|CONFIG_BMP280, MIKROBUS_STATE_PWM, MIKROBUS_STATE_INPUT, MIKROBUS_STATE_UART, MIKROBUS_STATE_UART, MIKROBUS_STATE_I2C, MIKROBUS_STATE_I2C, MIKROBUS_STATE_SPI, MIKROBUS_STATE_SPI, MIKROBUS_STATE_SPI, MIKROBUS_STATE_SPI, MIKROBUS_STATE_OUTPUT_HIGH, MIKROBUS_STATE_INPUT, bmp180, I2C, 0x77, MIKROBUS_PIN_INT, IRQ_TYPE_EDGE_RISING, , , ,
13DOF 2 CLICK, https://www.mikroe.com/13dof-2-click, LIMITED_FEAT, CONFIG_BME680_I2C, MIKROBUS_STATE_PWM, MIKROBUS_STATE_INPUT, MIKROBUS_STATE_UART, MIKROBUS_STATE_UART, MIKROBUS_STATE_I2C, MIKROBUS_STATE_I2C, MIKROBUS_STATE_SPI, MIKROBUS_STATE_SPI, MIKROBUS_STATE_SPI, MIKROBUS_STATE_SPI, MIKROBUS_STATE_OUTPUT_HIGH, MIKROBUS_STATE_INPUT, bme680, I2C, 0x77, NONE, NONE, , , ,
3D HALL 3 CLICK, https://www.mikroe.com/3d-hall-3-click, OKAY, CONFIG_IIO_ST_MAGN_I2C_3AXIS, MIKROBUS_STATE_PWM, MIKROBUS_STATE_INPUT, MIKROBUS_STATE_UART, MIKROBUS_STATE_UART, MIKROBUS_STATE_I2C, MIKROBUS_STATE_I2C, MIKROBUS_STATE_SPI, MIKROBUS_STATE_SPI, MIKROBUS_STATE_SPI, MIKROBUS_STATE_SPI, MIKROBUS_STATE_OUTPUT_HIGH, MIKROBUS_STATE_INPUT, lis2mdl, I2C, 0x1e, MIKROBUS_PIN_INT, IRQ_TYPE_EDGE_RISING, , , ,
3D HALL 6 CLICK, https://www.mikroe.com/3d-hall-6-click, OKAY, CONFIG_MCP320X, MIKROBUS_STATE_PWM, MIKROBUS_STATE_INPUT, MIKROBUS_STATE_UART, MIKROBUS_STATE_UART, MIKROBUS_STATE_I2C, MIKROBUS_STATE_I2C, MIKROBUS_STATE_SPI, MIKROBUS_STATE_SPI, MIKROBUS_STATE_SPI, MIKROBUS_STATE_SPI, MIKROBUS_STATE_OUTPUT_HIGH, MIKROBUS_STATE_INPUT, mcp3204, SPI, 0x0, NONE, NONE,1000000, SPI_MODE_0, ,
6DOF IMU 2 CLICK, https://www.mikroe.com/6dof-imu-2-click, OKAY, CONFIG_BMI160_I2C, MIKROBUS_STATE_PWM, MIKROBUS_STATE_INPUT, MIKROBUS_STATE_UART, MIKROBUS_STATE_UART, MIKROBUS_STATE_I2C, MIKROBUS_STATE_I2C, MIKROBUS_STATE_SPI, MIKROBUS_STATE_SPI, MIKROBUS_STATE_SPI, MIKROBUS_STATE_SPI, MIKROBUS_STATE_OUTPUT_HIGH, MIKROBUS_STATE_INPUT, bmi160, I2C, 0x68, MIKROBUS_PIN_INT, IRQ_TYPE_LEVEL_LOW, , , ,
6DOF IMU 4 CLICK, https://www.mikroe.com/6dof-imu-4-click, OKAY, CONFIG_INV_MPU6050_I2C, MIKROBUS_STATE_PWM, MIKROBUS_STATE_INPUT, MIKROBUS_STATE_UART, MIKROBUS_STATE_UART, MIKROBUS_STATE_I2C, MIKROBUS_STATE_I2C, MIKROBUS_STATE_SPI, MIKROBUS_STATE_SPI, MIKROBUS_STATE_SPI, MIKROBUS_STATE_SPI, MIKROBUS_STATE_OUTPUT_HIGH, MIKROBUS_STATE_INPUT, icm20602, I2C, 0x68, MIKROBUS_PIN_INT, IRQ_TYPE_EDGE_RISING, , , ,
6DOF IMU 6 CLICK, https://www.mikroe.com/6dof-imu-6-click, OKAY, CONFIG_INV_MPU6050_SPI, MIKROBUS_STATE_PWM, MIKROBUS_STATE_INPUT, MIKROBUS_STATE_UART, MIKROBUS_STATE_UART, MIKROBUS_STATE_I2C, MIKROBUS_STATE_I2C, MIKROBUS_STATE_SPI, MIKROBUS_STATE_SPI, MIKROBUS_STATE_SPI, MIKROBUS_STATE_SPI, MIKROBUS_STATE_OUTPUT_HIGH, MIKROBUS_STATE_INPUT, icm20689, SPI, 0x0, MIKROBUS_PIN_INT, IRQ_TYPE_EDGE_RISING,1000000, SPI_MODE_0, ,
6DOF IMU 8 CLICK, https://www.mikroe.com/6dof-imu-8-click, OKAY, CONFIG_IIO_ST_LSM6DSX_I2C, MIKROBUS_STATE_PWM, MIKROBUS_STATE_INPUT, MIKROBUS_STATE_UART, MIKROBUS_STATE_UART, MIKROBUS_STATE_I2C, MIKROBUS_STATE_I2C, MIKROBUS_STATE_SPI, MIKROBUS_STATE_SPI, MIKROBUS_STATE_SPI, MIKROBUS_STATE_SPI, MIKROBUS_STATE_OUTPUT_HIGH, MIKROBUS_STATE_INPUT, ism330dlc, I2C, 0x6b, MIKROBUS_PIN_INT, IRQ_TYPE_EDGE_RISING, , , ,
9DOF CLICK, https://www.mikroe.com/9dof-click, OKAY, CONFIG_IIO_ST_LSM6DSX_I2C, MIKROBUS_STATE_PWM, MIKROBUS_STATE_INPUT, MIKROBUS_STATE_UART, MIKROBUS_STATE_UART, MIKROBUS_STATE_I2C, MIKROBUS_STATE_I2C, MIKROBUS_STATE_SPI, MIKROBUS_STATE_SPI, MIKROBUS_STATE_SPI, MIKROBUS_STATE_SPI, MIKROBUS_STATE_OUTPUT_HIGH, MIKROBUS_STATE_INPUT, lsm9ds1-imu, I2C, 0x6a, MIKROBUS_PIN_INT, IRQ_TYPE_EDGE_RISING, , , ,
ACCEL 3 CLICK, https://www.mikroe.com/accel3-click, OKAY, CONFIG_IIO_ST_ACCEL_I2C_3AXIS, MIKROBUS_STATE_PWM, MIKROBUS_STATE_INPUT, MIKROBUS_STATE_UART, MIKROBUS_STATE_UART, MIKROBUS_STATE_I2C, MIKROBUS_STATE_I2C, MIKROBUS_STATE_SPI, MIKROBUS_STATE_SPI, MIKROBUS_STATE_SPI, MIKROBUS_STATE_SPI, MIKROBUS_STATE_OUTPUT_HIGH, MIKROBUS_STATE_INPUT, h3lis331dl_accel, I2C, 0x18, NONE, NONE, , , ,
ACCEL 5 CLICK, https://www.mikroe.com/accel-5-click, OKAY, CONFIG_BMA400_I2C, MIKROBUS_STATE_PWM, MIKROBUS_STATE_INPUT, MIKROBUS_STATE_UART, MIKROBUS_STATE_UART, MIKROBUS_STATE_I2C, MIKROBUS_STATE_I2C, MIKROBUS_STATE_SPI, MIKROBUS_STATE_SPI, MIKROBUS_STATE_SPI, MIKROBUS_STATE_SPI, MIKROBUS_STATE_OUTPUT_HIGH, MIKROBUS_STATE_INPUT, bma400, I2C, 0x15, NONE, NONE, , , ,
ACCEL 6 CLICK, https://www.mikroe.com/accel-6-click, OKAY, CONFIG_BMC150_ACCEL_I2C, MIKROBUS_STATE_PWM, MIKROBUS_STATE_INPUT, MIKROBUS_STATE_UART, MIKROBUS_STATE_UART, MIKROBUS_STATE_I2C, MIKROBUS_STATE_I2C, MIKROBUS_STATE_SPI, MIKROBUS_STATE_SPI, MIKROBUS_STATE_SPI, MIKROBUS_STATE_SPI, MIKROBUS_STATE_INPUT, MIKROBUS_STATE_INPUT, bma280, I2C, 0x18, NONE, NONE, , , ,
ACCEL 8 CLICK, https://www.mikroe.com/accel-8-click, OKAY, CONFIG_INV_MPU6050_I2C, MIKROBUS_STATE_PWM, MIKROBUS_STATE_INPUT, MIKROBUS_STATE_UART, MIKROBUS_STATE_UART, MIKROBUS_STATE_I2C, MIKROBUS_STATE_I2C, MIKROBUS_STATE_SPI, MIKROBUS_STATE_SPI, MIKROBUS_STATE_SPI, MIKROBUS_STATE_SPI, MIKROBUS_STATE_OUTPUT_HIGH, MIKROBUS_STATE_INPUT, mpu6050, I2C, 0x69, MIKROBUS_PIN_INT, IRQ_TYPE_EDGE_RISING, , , ,
ACCEL CLICK, https://www.mikroe.com/accel-click, OKAY, CONFIG_ADXL345_I2C, MIKROBUS_STATE_PWM, MIKROBUS_STATE_INPUT, MIKROBUS_STATE_UART, MIKROBUS_STATE_UART, MIKROBUS_STATE_I2C, MIKROBUS_STATE_I2C, MIKROBUS_STATE_OUTPUT_HIGH, MIKROBUS_STATE_OUTPUT_HIGH, MIKROBUS_STATE_OUTPUT_HIGH, MIKROBUS_STATE_OUTPUT_HIGH, MIKROBUS_STATE_OUTPUT_HIGH, MIKROBUS_STATE_INPUT, adxl345, I2C, 0x1d, MIKROBUS_PIN_INT, IRQ_TYPE_EDGE_RISING, , , ,
ADC 2 CLICK, https://www.mikroe.com/adc-2-click, OKAY, CONFIG_MCP320X, MIKROBUS_STATE_PWM, MIKROBUS_STATE_INPUT, MIKROBUS_STATE_UART, MIKROBUS_STATE_UART, MIKROBUS_STATE_I2C, MIKROBUS_STATE_I2C, MIKROBUS_STATE_SPI, MIKROBUS_STATE_SPI, MIKROBUS_STATE_SPI, MIKROBUS_STATE_SPI, MIKROBUS_STATE_OUTPUT_HIGH, MIKROBUS_STATE_INPUT, mcp3551, SPI, 0x0, NONE, NONE,1000000, SPI_MODE_0, ,
ADC 3 CLICK, https://www.mikroe.com/adc-3-click, OKAY, CONFIG_MCP3422, MIKROBUS_STATE_PWM, MIKROBUS_STATE_INPUT, MIKROBUS_STATE_UART, MIKROBUS_STATE_UART, MIKROBUS_STATE_I2C, MIKROBUS_STATE_I2C, MIKROBUS_STATE_SPI, MIKROBUS_STATE_SPI, MIKROBUS_STATE_SPI, MIKROBUS_STATE_SPI, MIKROBUS_STATE_OUTPUT_HIGH, MIKROBUS_STATE_INPUT, mcp3428, I2C, 0x68, NONE, NONE, , , ,
ADC 5 CLICK, https://www.mikroe.com/adc-5-click, OKAY, CONFIG_AD7476, MIKROBUS_STATE_PWM, MIKROBUS_STATE_INPUT, MIKROBUS_STATE_UART, MIKROBUS_STATE_UART, MIKROBUS_STATE_I2C, MIKROBUS_STATE_I2C, MIKROBUS_STATE_SPI, MIKROBUS_STATE_SPI, MIKROBUS_STATE_SPI, MIKROBUS_STATE_SPI, MIKROBUS_STATE_OUTPUT_HIGH, MIKROBUS_STATE_INPUT, adc121s, SPI, 0x0, NONE, NONE,5000000, SPI_MODE_0, ,
ADC 8 CLICK, https://www.mikroe.com/adc-8-click, OKAY, CONFIG_TI_ADS1015, MIKROBUS_STATE_PWM, MIKROBUS_STATE_INPUT, MIKROBUS_STATE_UART, MIKROBUS_STATE_UART, MIKROBUS_STATE_I2C, MIKROBUS_STATE_I2C, MIKROBUS_STATE_SPI, MIKROBUS_STATE_SPI, MIKROBUS_STATE_SPI, MIKROBUS_STATE_SPI, MIKROBUS_STATE_OUTPUT_HIGH, MIKROBUS_STATE_INPUT, ads1115, I2C, 0x48, NONE, NONE, , , ,
ADC CLICK, https://www.mikroe.com/adc-click, OKAY, CONFIG_MCP320X, MIKROBUS_STATE_PWM, MIKROBUS_STATE_INPUT, MIKROBUS_STATE_UART, MIKROBUS_STATE_UART, MIKROBUS_STATE_I2C, MIKROBUS_STATE_I2C, MIKROBUS_STATE_SPI, MIKROBUS_STATE_SPI, MIKROBUS_STATE_SPI, MIKROBUS_STATE_SPI, MIKROBUS_STATE_OUTPUT_HIGH, MIKROBUS_STATE_INPUT, mcp3204, SPI, 0x0, NONE, NONE,1000000, SPI_MODE_0, ,
AIR QUALITY 2 CLICK, https://www.mikroe.com/air-quality-2-click, OKAY, CONFIG_IAQCORE, MIKROBUS_STATE_PWM, MIKROBUS_STATE_INPUT, MIKROBUS_STATE_UART, MIKROBUS_STATE_UART, MIKROBUS_STATE_I2C, MIKROBUS_STATE_I2C, MIKROBUS_STATE_SPI, MIKROBUS_STATE_SPI, MIKROBUS_STATE_SPI, MIKROBUS_STATE_SPI, MIKROBUS_STATE_OUTPUT_HIGH, MIKROBUS_STATE_INPUT, ams-iaq-core, I2C, 0x5a, NONE, NONE, , , ,
AIR QUALITY 3 CLICK, https://www.mikroe.com/air-quality-3-click, OKAY, CONFIG_CCS811, MIKROBUS_STATE_PWM, MIKROBUS_STATE_INPUT, MIKROBUS_STATE_UART, MIKROBUS_STATE_UART, MIKROBUS_STATE_I2C, MIKROBUS_STATE_I2C, MIKROBUS_STATE_OUTPUT_LOW, MIKROBUS_STATE_OUTPUT_LOW, MIKROBUS_STATE_OUTPUT_LOW, MIKROBUS_STATE_OUTPUT_LOW, MIKROBUS_STATE_OUTPUT_HIGH, MIKROBUS_STATE_INPUT, ccs811, I2C, 0x5a, NONE, NONE, , , ,
AIR QUALITY 5 CLICK, https://www.mikroe.com/air-quality-5-click, OKAY, CONFIG_TI_ADS1015, MIKROBUS_STATE_PWM, MIKROBUS_STATE_INPUT, MIKROBUS_STATE_UART, MIKROBUS_STATE_UART, MIKROBUS_STATE_I2C, MIKROBUS_STATE_I2C, MIKROBUS_STATE_SPI, MIKROBUS_STATE_SPI, MIKROBUS_STATE_SPI, MIKROBUS_STATE_SPI, MIKROBUS_STATE_OUTPUT_HIGH, MIKROBUS_STATE_INPUT, ads1015, I2C, 0x48, NONE, NONE, , , ,
ALCOHOL 2 CLICK, https://www.mikroe.com/alcohol-2-click, OKAY, CONFIG_SENSORS_MCP3021, MIKROBUS_STATE_PWM, MIKROBUS_STATE_INPUT, MIKROBUS_STATE_UART, MIKROBUS_STATE_UART, MIKROBUS_STATE_I2C, MIKROBUS_STATE_I2C, MIKROBUS_STATE_SPI, MIKROBUS_STATE_SPI, MIKROBUS_STATE_SPI, MIKROBUS_STATE_SPI, MIKROBUS_STATE_OUTPUT_LOW, MIKROBUS_STATE_INPUT, mcp3221, I2C, 0x4d, NONE, NONE, , , ,
ALCOHOL 3 CLICK, https://www.mikroe.com/alcohol-3-click, OKAY, CONFIG_SENSORS_MCP3021, MIKROBUS_STATE_PWM, MIKROBUS_STATE_INPUT, MIKROBUS_STATE_UART, MIKROBUS_STATE_UART, MIKROBUS_STATE_I2C, MIKROBUS_STATE_I2C, MIKROBUS_STATE_SPI, MIKROBUS_STATE_SPI, MIKROBUS_STATE_SPI, MIKROBUS_STATE_SPI, MIKROBUS_STATE_OUTPUT_HIGH, MIKROBUS_STATE_INPUT, mcp3221, I2C, 0x4d, NONE, NONE, , , ,
ALTITUDE 3 CLICK, https://www.mikroe.com/altitude-3-click, OKAY, CONFIG_ICP10100, MIKROBUS_STATE_PWM, MIKROBUS_STATE_INPUT, MIKROBUS_STATE_UART, MIKROBUS_STATE_UART, MIKROBUS_STATE_I2C, MIKROBUS_STATE_I2C, MIKROBUS_STATE_SPI, MIKROBUS_STATE_SPI, MIKROBUS_STATE_SPI, MIKROBUS_STATE_SPI, MIKROBUS_STATE_OUTPUT_HIGH, MIKROBUS_STATE_INPUT, icp10100, I2C, 0x63, NONE, NONE, , , ,
ALTITUDE CLICK, https://www.mikroe.com/altitude-click, OKAY, CONFIG_MPL3115, MIKROBUS_STATE_PWM, MIKROBUS_STATE_INPUT, MIKROBUS_STATE_UART, MIKROBUS_STATE_UART, MIKROBUS_STATE_I2C, MIKROBUS_STATE_I2C, MIKROBUS_STATE_SPI, MIKROBUS_STATE_SPI, MIKROBUS_STATE_SPI, MIKROBUS_STATE_SPI, MIKROBUS_STATE_OUTPUT_HIGH, MIKROBUS_STATE_INPUT, mpl3115, I2C, 0x60, NONE, NONE, , , ,
AMBIENT 2 CLICK, https://www.mikroe.com/ambient-2-click, OKAY, CONFIG_OPT3001, MIKROBUS_STATE_PWM, MIKROBUS_STATE_INPUT, MIKROBUS_STATE_UART, MIKROBUS_STATE_UART, MIKROBUS_STATE_I2C, MIKROBUS_STATE_I2C, MIKROBUS_STATE_SPI, MIKROBUS_STATE_SPI, MIKROBUS_STATE_SPI, MIKROBUS_STATE_SPI, MIKROBUS_STATE_OUTPUT_HIGH, MIKROBUS_STATE_INPUT, opt3001, I2C, 0x44, MIKROBUS_PIN_INT, IRQ_TYPE_EDGE_FALLING, , , ,
AMBIENT 4 CLICK, https://www.mikroe.com/ambient-4-click, OKAY, CONFIG_BH1750, MIKROBUS_STATE_PWM, MIKROBUS_STATE_INPUT, MIKROBUS_STATE_UART, MIKROBUS_STATE_UART, MIKROBUS_STATE_I2C, MIKROBUS_STATE_I2C, MIKROBUS_STATE_SPI, MIKROBUS_STATE_SPI, MIKROBUS_STATE_SPI, MIKROBUS_STATE_SPI, MIKROBUS_STATE_OUTPUT_HIGH, MIKROBUS_STATE_INPUT, bh1721, I2C, 0x23, NONE, NONE, , , ,
AMBIENT 5 CLICK, https://www.mikroe.com/ambient-5-click, OKAY, CONFIG_VEML6030, MIKROBUS_STATE_PWM, MIKROBUS_STATE_INPUT, MIKROBUS_STATE_UART, MIKROBUS_STATE_UART, MIKROBUS_STATE_I2C, MIKROBUS_STATE_I2C, MIKROBUS_STATE_SPI, MIKROBUS_STATE_SPI, MIKROBUS_STATE_SPI, MIKROBUS_STATE_SPI, MIKROBUS_STATE_OUTPUT_HIGH, MIKROBUS_STATE_INPUT, veml6030, I2C, 0x10, MIKROBUS_PIN_INT, IRQ_TYPE_LEVEL_LOW, , , ,
AMMETER CLICK, https://www.mikroe.com/ammeter-click, OKAY, CONFIG_MCP320X, MIKROBUS_STATE_PWM, MIKROBUS_STATE_INPUT, MIKROBUS_STATE_UART, MIKROBUS_STATE_UART, MIKROBUS_STATE_I2C, MIKROBUS_STATE_I2C, MIKROBUS_STATE_SPI, MIKROBUS_STATE_SPI, MIKROBUS_STATE_SPI, MIKROBUS_STATE_SPI, MIKROBUS_STATE_OUTPUT_HIGH, MIKROBUS_STATE_INPUT, mcp3201, SPI, 0x0, NONE, NONE,1000000, SPI_MODE_0, ,
COLOR 2 CLICK, https://www.mikroe.com/color-2-click, OKAY, CONFIG_ISL29125, MIKROBUS_STATE_PWM, MIKROBUS_STATE_INPUT, MIKROBUS_STATE_UART, MIKROBUS_STATE_UART, MIKROBUS_STATE_I2C, MIKROBUS_STATE_I2C, MIKROBUS_STATE_SPI, MIKROBUS_STATE_SPI, MIKROBUS_STATE_SPI, MIKROBUS_STATE_SPI, MIKROBUS_STATE_OUTPUT_HIGH, MIKROBUS_STATE_INPUT, isl29125, I2C, 0x44, NONE, NONE, , , ,
COLOR 7 CLICK, https://www.mikroe.com/color-7-click, OKAY, CONFIG_TCS3472, MIKROBUS_STATE_PWM, MIKROBUS_STATE_INPUT, MIKROBUS_STATE_UART, MIKROBUS_STATE_UART, MIKROBUS_STATE_I2C, MIKROBUS_STATE_I2C, MIKROBUS_STATE_SPI, MIKROBUS_STATE_SPI, MIKROBUS_STATE_SPI, MIKROBUS_STATE_SPI, MIKROBUS_STATE_OUTPUT_HIGH, MIKROBUS_STATE_INPUT, tcs3472, I2C, 0x29, MIKROBUS_PIN_INT, IRQ_TYPE_EDGE_RISING, , , ,
COMPASS 2 CLICK, https://www.mikroe.com/compass-2-click, OKAY, CONFIG_AK8975, MIKROBUS_STATE_PWM, MIKROBUS_STATE_INPUT, MIKROBUS_STATE_UART, MIKROBUS_STATE_UART, MIKROBUS_STATE_I2C, MIKROBUS_STATE_I2C, MIKROBUS_STATE_SPI, MIKROBUS_STATE_SPI, MIKROBUS_STATE_SPI, MIKROBUS_STATE_SPI, MIKROBUS_STATE_OUTPUT_HIGH, MIKROBUS_STATE_INPUT, ak8963, I2C, 0xf, MIKROBUS_PIN_INT, IRQ_TYPE_EDGE_RISING, , , ,
COMPASS CLICK, https://www.mikroe.com/compass-click, OKAY, CONFIG_IIO_ST_MAGN_I2C_3AXIS, MIKROBUS_STATE_PWM, MIKROBUS_STATE_INPUT, MIKROBUS_STATE_UART, MIKROBUS_STATE_UART, MIKROBUS_STATE_I2C, MIKROBUS_STATE_I2C, MIKROBUS_STATE_SPI, MIKROBUS_STATE_SPI, MIKROBUS_STATE_SPI, MIKROBUS_STATE_SPI, MIKROBUS_STATE_OUTPUT_HIGH, MIKROBUS_STATE_INPUT, lsm303dlhc_magn, I2C, 0x1e, MIKROBUS_PIN_INT, IRQ_TYPE_EDGE_RISING, , , ,
CURRENT CLICK, https://www.mikroe.com/current-click, OKAY, CONFIG_MCP320X, MIKROBUS_STATE_PWM, MIKROBUS_STATE_INPUT, MIKROBUS_STATE_UART, MIKROBUS_STATE_UART, MIKROBUS_STATE_I2C, MIKROBUS_STATE_I2C, MIKROBUS_STATE_SPI, MIKROBUS_STATE_SPI, MIKROBUS_STATE_SPI, MIKROBUS_STATE_SPI, MIKROBUS_STATE_OUTPUT_HIGH, MIKROBUS_STATE_INPUT, mcp3201, SPI, 0x0, NONE, NONE,1000000, SPI_MODE_0, ,
DAC CLICK, https://www.mikroe.com/dac-click, OKAY, CONFIG_MCP4922, MIKROBUS_STATE_PWM, MIKROBUS_STATE_INPUT, MIKROBUS_STATE_UART, MIKROBUS_STATE_UART, MIKROBUS_STATE_I2C, MIKROBUS_STATE_I2C, MIKROBUS_STATE_SPI, MIKROBUS_STATE_SPI, MIKROBUS_STATE_SPI, MIKROBUS_STATE_SPI, MIKROBUS_STATE_OUTPUT_HIGH, MIKROBUS_STATE_INPUT, mcp4922, SPI, 0x0, NONE, NONE, 1000000, SPI_MODE_0, ,
DAC 7 CLICK, https://www.mikroe.com/dac-7-click, OKAY, CONFIG_AD5624R_SPI, MIKROBUS_STATE_PWM, MIKROBUS_STATE_INPUT, MIKROBUS_STATE_UART, MIKROBUS_STATE_UART, MIKROBUS_STATE_I2C, MIKROBUS_STATE_I2C, MIKROBUS_STATE_SPI, MIKROBUS_STATE_SPI, MIKROBUS_STATE_SPI, MIKROBUS_STATE_SPI, MIKROBUS_STATE_OUTPUT_HIGH, MIKROBUS_STATE_INPUT, ad5644r5, SPI, 0x0, NONE, NONE, 1000000, SPI_MODE_0, ,
DIGIPOT 3 CLICK, https://www.mikroe.com/digi-pot-3-click, OKAY, CONFIG_AD5446, MIKROBUS_STATE_PWM, MIKROBUS_STATE_INPUT, MIKROBUS_STATE_UART, MIKROBUS_STATE_UART, MIKROBUS_STATE_I2C, MIKROBUS_STATE_I2C, MIKROBUS_STATE_SPI, MIKROBUS_STATE_SPI, MIKROBUS_STATE_SPI, MIKROBUS_STATE_SPI, MIKROBUS_STATE_OUTPUT_HIGH, MIKROBUS_STATE_INPUT, ad5231, SPI, 0x0, NONE, NONE,1000000, SPI_MODE_3, ,
DIGIPOT CLICK, https://www.mikroe.com/digipot-click, OKAY, CONFIG_MCP4131, MIKROBUS_STATE_PWM, MIKROBUS_STATE_INPUT, MIKROBUS_STATE_UART, MIKROBUS_STATE_UART, MIKROBUS_STATE_I2C, MIKROBUS_STATE_I2C, MIKROBUS_STATE_SPI, MIKROBUS_STATE_SPI, MIKROBUS_STATE_SPI, MIKROBUS_STATE_SPI, MIKROBUS_STATE_OUTPUT_HIGH, MIKROBUS_STATE_INPUT, mcp4161-103, SPI, 0x0, NONE, NONE,500000, SPI_MODE_0, ,
EEPROM 2 CLICK, https://www.mikroe.com/eeprom-2-click, OKAY, CONFIG_EEPROM_AT25, MIKROBUS_STATE_PWM, MIKROBUS_STATE_INPUT, MIKROBUS_STATE_UART, MIKROBUS_STATE_UART, MIKROBUS_STATE_I2C, MIKROBUS_STATE_I2C, MIKROBUS_STATE_SPI, MIKROBUS_STATE_SPI, MIKROBUS_STATE_SPI, MIKROBUS_STATE_SPI, MIKROBUS_STATE_OUTPUT_HIGH, MIKROBUS_STATE_INPUT, at25, SPI, 0x0, NONE, NONE,5000000, SPI_MODE_3, size|U32|[262144]||pagesize|U32|[256]||address-width|U32|[24],
EEPROM 3 CLICK, https://www.mikroe.com/eeprom-3-click, OKAY, CONFIG_EEPROM_AT24, MIKROBUS_STATE_PWM, MIKROBUS_STATE_INPUT, MIKROBUS_STATE_UART, MIKROBUS_STATE_UART, MIKROBUS_STATE_I2C, MIKROBUS_STATE_I2C, MIKROBUS_STATE_SPI, MIKROBUS_STATE_SPI, MIKROBUS_STATE_SPI, MIKROBUS_STATE_SPI, MIKROBUS_STATE_OUTPUT_HIGH, MIKROBUS_STATE_INPUT, 24c256, I2C, 0x50, NONE, NONE, , , ,
EEPROM CLICK, https://www.mikroe.com/eeprom-click, OKAY, CONFIG_EEPROM_AT24, MIKROBUS_STATE_OUTPUT_HIGH, MIKROBUS_STATE_INPUT, MIKROBUS_STATE_UART, MIKROBUS_STATE_UART, MIKROBUS_STATE_I2C, MIKROBUS_STATE_I2C, MIKROBUS_STATE_SPI, MIKROBUS_STATE_SPI, MIKROBUS_STATE_SPI, MIKROBUS_STATE_SPI, MIKROBUS_STATE_OUTPUT_HIGH, MIKROBUS_STATE_INPUT, 24c08, I2C, 0x50, NONE, NONE, , , ,
ENVIRONMENT CLICK, https://www.mikroe.com/environment-click, OKAY, CONFIG_BME680_I2C, MIKROBUS_STATE_PWM, MIKROBUS_STATE_INPUT, MIKROBUS_STATE_UART, MIKROBUS_STATE_UART, MIKROBUS_STATE_I2C, MIKROBUS_STATE_I2C, MIKROBUS_STATE_SPI, MIKROBUS_STATE_SPI, MIKROBUS_STATE_SPI, MIKROBUS_STATE_SPI, MIKROBUS_STATE_OUTPUT_HIGH, MIKROBUS_STATE_INPUT, bme680, I2C, 0x77, NONE, NONE, , , ,
ETH CLICK, https://www.mikroe.com/eth-click, OKAY, CONFIG_ENC28J60, MIKROBUS_STATE_PWM, MIKROBUS_STATE_INPUT, MIKROBUS_STATE_UART, MIKROBUS_STATE_UART, MIKROBUS_STATE_I2C, MIKROBUS_STATE_I2C, MIKROBUS_STATE_SPI, MIKROBUS_STATE_SPI, MIKROBUS_STATE_SPI, MIKROBUS_STATE_SPI, MIKROBUS_STATE_OUTPUT_HIGH, MIKROBUS_STATE_INPUT, enc28j60, SPI, 0x0, MIKROBUS_PIN_INT, IRQ_TYPE_EDGE_FALLING,16000000, SPI_MODE_0, ,
ETH WIZ CLICK, https://www.mikroe.com/eth-wiz-click, OKAY, CONFIG_ETHERNET|CONFIG_NET_VENDOR_WIZNET|CONFIG_WIZNET_W5100_SPI, MIKROBUS_STATE_PWM, MIKROBUS_STATE_INPUT, MIKROBUS_STATE_UART, MIKROBUS_STATE_UART, MIKROBUS_STATE_I2C, MIKROBUS_STATE_I2C, MIKROBUS_STATE_SPI, MIKROBUS_STATE_SPI, MIKROBUS_STATE_SPI, MIKROBUS_STATE_SPI, MIKROBUS_STATE_OUTPUT_HIGH, MIKROBUS_STATE_INPUT, w5500, SPI, 0x0, MIKROBUS_PIN_INT, IRQ_TYPE_EDGE_FALLING,24000000, SPI_MODE_0, ,
FLASH 2 CLICK, https://www.mikroe.com/flash-2-click, OKAY, CONFIG_MTD_SPI_NOR, MIKROBUS_STATE_PWM, MIKROBUS_STATE_INPUT, MIKROBUS_STATE_UART, MIKROBUS_STATE_UART, MIKROBUS_STATE_I2C, MIKROBUS_STATE_I2C, MIKROBUS_STATE_SPI, MIKROBUS_STATE_SPI, MIKROBUS_STATE_SPI, MIKROBUS_STATE_SPI, MIKROBUS_STATE_OUTPUT_HIGH, MIKROBUS_STATE_INPUT, spi-nor, SPI, 0x0, NONE, NONE, 50000000, SPI_MODE_0, ,
FLASH CLICK, https://www.mikroe.com/flash-click, OKAY, CONFIG_MTD_SPI_NOR, MIKROBUS_STATE_PWM, MIKROBUS_STATE_INPUT, MIKROBUS_STATE_UART, MIKROBUS_STATE_UART, MIKROBUS_STATE_I2C, MIKROBUS_STATE_I2C, MIKROBUS_STATE_SPI, MIKROBUS_STATE_SPI, MIKROBUS_STATE_SPI, MIKROBUS_STATE_SPI, MIKROBUS_STATE_OUTPUT_HIGH, MIKROBUS_STATE_INPUT, spi-nor, SPI, 0x0, NONE, NONE, 50000000, SPI_MODE_0, ,
GEOMAGNETIC CLICK, https://www.mikroe.com/geomagnetic-click, OKAY, CONFIG_BMC150_MAGN_I2C, MIKROBUS_STATE_PWM, MIKROBUS_STATE_INPUT, MIKROBUS_STATE_UART, MIKROBUS_STATE_UART, MIKROBUS_STATE_I2C, MIKROBUS_STATE_I2C, MIKROBUS_STATE_SPI, MIKROBUS_STATE_SPI, MIKROBUS_STATE_SPI, MIKROBUS_STATE_SPI, MIKROBUS_STATE_OUTPUT_HIGH, MIKROBUS_STATE_INPUT, bmm150_magn, SPI, 0x0, MIKROBUS_PIN_INT, IRQ_TYPE_EDGE_RISING,1000000, SPI_MODE_0, ,
GNSS 4 CLICK, https://www.mikroe.com/gnss-4-click, OKAY, CONFIG_GNSS_UBX_SERIAL, MIKROBUS_STATE_PWM, MIKROBUS_STATE_INPUT, MIKROBUS_STATE_UART, MIKROBUS_STATE_UART, MIKROBUS_STATE_I2C, MIKROBUS_STATE_I2C, MIKROBUS_STATE_SPI, MIKROBUS_STATE_SPI, MIKROBUS_STATE_SPI, MIKROBUS_STATE_SPI, MIKROBUS_STATE_OUTPUT_HIGH, MIKROBUS_STATE_INPUT, neo-m8, UART, 0x0, NONE, NONE, , , current-speed|U32|[9600],
GNSS 7 CLICK, https://www.mikroe.com/gnss-7-click, OKAY, CONFIG_GNSS_UBX_SERIAL, MIKROBUS_STATE_PWM, MIKROBUS_STATE_INPUT, MIKROBUS_STATE_UART, MIKROBUS_STATE_UART, MIKROBUS_STATE_I2C, MIKROBUS_STATE_I2C, MIKROBUS_STATE_SPI, MIKROBUS_STATE_SPI, MIKROBUS_STATE_SPI, MIKROBUS_STATE_SPI, MIKROBUS_STATE_OUTPUT_HIGH, MIKROBUS_STATE_OUTPUT_HIGH, neo-8, UART, 0x0, NONE, NONE, , , current-speed|U32|[38400],
GNSS ZOE CLICK, https://www.mikroe.com/gnss-zoe-click, OKAY| SWAP JUMPERS, CONFIG_GNSS_UBX_SERIAL, MIKROBUS_STATE_PWM, MIKROBUS_STATE_INPUT, MIKROBUS_STATE_UART, MIKROBUS_STATE_UART, MIKROBUS_STATE_I2C, MIKROBUS_STATE_I2C, MIKROBUS_STATE_SPI, MIKROBUS_STATE_SPI, MIKROBUS_STATE_SPI, MIKROBUS_STATE_SPI, MIKROBUS_STATE_OUTPUT_HIGH, MIKROBUS_STATE_INPUT, neo-m8, UART, 0x0, NONE, NONE, , , current-speed|U32|[9600],
GSR CLICK, https://www.mikroe.com/gsr-click, OKAY, CONFIG_MCP320X, MIKROBUS_STATE_PWM, MIKROBUS_STATE_INPUT, MIKROBUS_STATE_UART, MIKROBUS_STATE_UART, MIKROBUS_STATE_I2C, MIKROBUS_STATE_I2C, MIKROBUS_STATE_SPI, MIKROBUS_STATE_SPI, MIKROBUS_STATE_SPI, MIKROBUS_STATE_SPI, MIKROBUS_STATE_OUTPUT_HIGH, MIKROBUS_STATE_INPUT, mcp3201, SPI, 0x0, NONE, NONE,1000000, SPI_MODE_0, ,
GYRO 2 CLICK, https://www.mikroe.com/gyro-2-click, OKAY, CONFIG_FXAS21002C_I2C, MIKROBUS_STATE_PWM, MIKROBUS_STATE_INPUT, MIKROBUS_STATE_UART, MIKROBUS_STATE_UART, MIKROBUS_STATE_I2C, MIKROBUS_STATE_I2C, MIKROBUS_STATE_OUTPUT_LOW, MIKROBUS_STATE_OUTPUT_LOW, MIKROBUS_STATE_OUTPUT_LOW, MIKROBUS_STATE_OUTPUT_LOW, MIKROBUS_STATE_OUTPUT_HIGH, MIKROBUS_STATE_INPUT, fxas21002c, I2C, 0x21, MIKROBUS_PIN_INT, IRQ_TYPE_EDGE_RISING, , , ,
GYRO CLICK, https://www.mikroe.com/gyro-click, OKAY, CONFIG_IIO_ST_GYRO_I2C_3AXIS, MIKROBUS_STATE_PWM, MIKROBUS_STATE_INPUT, MIKROBUS_STATE_UART, MIKROBUS_STATE_UART, MIKROBUS_STATE_I2C, MIKROBUS_STATE_I2C, MIKROBUS_STATE_SPI, MIKROBUS_STATE_SPI, MIKROBUS_STATE_SPI, MIKROBUS_STATE_SPI, MIKROBUS_STATE_OUTPUT_HIGH, MIKROBUS_STATE_INPUT, l3gd20, I2C, 0x6b, MIKROBUS_PIN_INT, IRQ_TYPE_EDGE_RISING, , , ,
HALL CURRENT 2 CLICK, https://www.mikroe.com/hall-current-2-click, OKAY, CONFIG_SENSORS_MCP3021, MIKROBUS_STATE_PWM, MIKROBUS_STATE_INPUT, MIKROBUS_STATE_UART, MIKROBUS_STATE_UART, MIKROBUS_STATE_I2C, MIKROBUS_STATE_I2C, MIKROBUS_STATE_SPI, MIKROBUS_STATE_SPI, MIKROBUS_STATE_SPI, MIKROBUS_STATE_SPI, MIKROBUS_STATE_OUTPUT_HIGH, MIKROBUS_STATE_INPUT, mcp3221, I2C, 0x4d, NONE, NONE, , , ,
HALL CURRENT 3 CLICK, https://www.mikroe.com/hall-current-3-click, OKAY, CONFIG_SENSORS_MCP3021, MIKROBUS_STATE_PWM, MIKROBUS_STATE_INPUT, MIKROBUS_STATE_UART, MIKROBUS_STATE_UART, MIKROBUS_STATE_I2C, MIKROBUS_STATE_I2C, MIKROBUS_STATE_SPI, MIKROBUS_STATE_SPI, MIKROBUS_STATE_SPI, MIKROBUS_STATE_SPI, MIKROBUS_STATE_OUTPUT_HIGH, MIKROBUS_STATE_INPUT, mcp3221, I2C, 0x4d, NONE, NONE, , , ,
HALL CURRENT 4 CLICK, https://www.mikroe.com/hall-current-4-click, OKAY, CONFIG_SENSORS_MCP3021, MIKROBUS_STATE_PWM, MIKROBUS_STATE_INPUT, MIKROBUS_STATE_UART, MIKROBUS_STATE_UART, MIKROBUS_STATE_I2C, MIKROBUS_STATE_I2C, MIKROBUS_STATE_SPI, MIKROBUS_STATE_SPI, MIKROBUS_STATE_SPI, MIKROBUS_STATE_SPI, MIKROBUS_STATE_OUTPUT_HIGH, MIKROBUS_STATE_INPUT, mcp3221, I2C, 0x4d, NONE, NONE, , , ,
HDC1000 CLICK, https://www.mikroe.com/hdc1000-click, OKAY, CONFIG_HDC100X, MIKROBUS_STATE_PWM, MIKROBUS_STATE_INPUT, MIKROBUS_STATE_UART, MIKROBUS_STATE_UART, MIKROBUS_STATE_I2C, MIKROBUS_STATE_I2C, MIKROBUS_STATE_SPI, MIKROBUS_STATE_SPI, MIKROBUS_STATE_SPI, MIKROBUS_STATE_SPI, MIKROBUS_STATE_OUTPUT_HIGH, MIKROBUS_STATE_INPUT, hdc1000, I2C, 0x40, NONE, NONE, , , ,
HEART RATE 3 CLICK, https://www.mikroe.com/heart-rate-3-click, OKAY, CONFIG_AFE4404, MIKROBUS_STATE_PWM, MIKROBUS_STATE_INPUT, MIKROBUS_STATE_UART, MIKROBUS_STATE_UART, MIKROBUS_STATE_I2C, MIKROBUS_STATE_I2C, MIKROBUS_STATE_SPI, MIKROBUS_STATE_SPI, MIKROBUS_STATE_SPI, MIKROBUS_STATE_SPI, MIKROBUS_STATE_OUTPUT_HIGH, MIKROBUS_STATE_INPUT, afe4404, I2C, 0x58, MIKROBUS_PIN_INT, IRQ_TYPE_EDGE_RISING, , , ,
HEART RATE 4 CLICK, https://www.mikroe.com/heart-rate-4-click, OKAY, CONFIG_MAX30102, MIKROBUS_STATE_PWM, MIKROBUS_STATE_INPUT, MIKROBUS_STATE_UART, MIKROBUS_STATE_UART, MIKROBUS_STATE_I2C, MIKROBUS_STATE_I2C, MIKROBUS_STATE_SPI, MIKROBUS_STATE_SPI, MIKROBUS_STATE_SPI, MIKROBUS_STATE_SPI, MIKROBUS_STATE_OUTPUT_HIGH, MIKROBUS_STATE_INPUT, max30102, I2C, 0x57, MIKROBUS_PIN_INT, IRQ_TYPE_EDGE_FALLING, , , ,
HEART RATE 5 CLICK, https://www.mikroe.com/heart-rate-5-click, OKAY, CONFIG_AFE4404, MIKROBUS_STATE_PWM, MIKROBUS_STATE_INPUT, MIKROBUS_STATE_UART, MIKROBUS_STATE_UART, MIKROBUS_STATE_I2C, MIKROBUS_STATE_I2C, MIKROBUS_STATE_SPI, MIKROBUS_STATE_SPI, MIKROBUS_STATE_SPI, MIKROBUS_STATE_SPI, MIKROBUS_STATE_OUTPUT_HIGH, MIKROBUS_STATE_INPUT, afe4404, I2C, 0x58, MIKROBUS_PIN_INT, IRQ_TYPE_EDGE_RISING, , , ,
HEART RATE 7 CLICK, https://www.mikroe.com/heart-rate-7-click, OKAY, CONFIG_AFE4404, MIKROBUS_STATE_PWM, MIKROBUS_STATE_INPUT, MIKROBUS_STATE_UART, MIKROBUS_STATE_UART, MIKROBUS_STATE_I2C, MIKROBUS_STATE_I2C, MIKROBUS_STATE_SPI, MIKROBUS_STATE_SPI, MIKROBUS_STATE_SPI, MIKROBUS_STATE_SPI, MIKROBUS_STATE_OUTPUT_HIGH, MIKROBUS_STATE_INPUT, afe4404, I2C, 0x58, MIKROBUS_PIN_INT, IRQ_TYPE_EDGE_RISING, , , ,
HEART RATE CLICK, https://www.mikroe.com/heart-rate-click, OKAY, CONFIG_MAX30100, MIKROBUS_STATE_PWM, MIKROBUS_STATE_INPUT, MIKROBUS_STATE_UART, MIKROBUS_STATE_UART, MIKROBUS_STATE_I2C, MIKROBUS_STATE_I2C, MIKROBUS_STATE_SPI, MIKROBUS_STATE_SPI, MIKROBUS_STATE_SPI, MIKROBUS_STATE_SPI, MIKROBUS_STATE_OUTPUT_HIGH, MIKROBUS_STATE_INPUT, max30100, I2C, 0x57, MIKROBUS_PIN_INT, IRQ_TYPE_EDGE_FALLING, , , ,
I2C TO SPI CLICK, https://www.mikroe.com/i2c-to-spi-click, OKAY, CONFIG_SPI_SC18IS602, MIKROBUS_STATE_PWM, MIKROBUS_STATE_INPUT, MIKROBUS_STATE_UART, MIKROBUS_STATE_UART, MIKROBUS_STATE_I2C, MIKROBUS_STATE_I2C, MIKROBUS_STATE_SPI, MIKROBUS_STATE_SPI, MIKROBUS_STATE_SPI, MIKROBUS_STATE_SPI, MIKROBUS_STATE_OUTPUT_HIGH, MIKROBUS_STATE_INPUT, sc18is602b, I2C, 0x1c, NONE, NONE, , , reset|U8|[10],
I2C MUX CLICK, https://www.mikroe.com/i2c-mux-click, OKAY, CONFIG_I2C_MUX_PCA954X, MIKROBUS_STATE_PWM, MIKROBUS_STATE_INPUT, MIKROBUS_STATE_UART, MIKROBUS_STATE_UART, MIKROBUS_STATE_I2C, MIKROBUS_STATE_I2C, MIKROBUS_STATE_SPI, MIKROBUS_STATE_SPI, MIKROBUS_STATE_SPI, MIKROBUS_STATE_SPI, MIKROBUS_STATE_OUTPUT_HIGH, MIKROBUS_STATE_INPUT, pca9546, I2C, 0x70, NONE, NONE, , , ,
ILLUMINANCE CLICK, https://www.mikroe.com/illuminance-click, OKAY (with DRIVER PATCH), CONFIG_TSL2561, MIKROBUS_STATE_PWM, MIKROBUS_STATE_INPUT, MIKROBUS_STATE_UART, MIKROBUS_STATE_UART, MIKROBUS_STATE_I2C, MIKROBUS_STATE_I2C, MIKROBUS_STATE_SPI, MIKROBUS_STATE_SPI, MIKROBUS_STATE_SPI, MIKROBUS_STATE_SPI, MIKROBUS_STATE_OUTPUT_HIGH, MIKROBUS_STATE_INPUT, tsl2561, I2C, 0x49, MIKROBUS_PIN_INT, IRQ_TYPE_EDGE_RISING, , , ,
IR GESTURE CLICK, https://www.mikroe.com/ir-gesture-click, OKAY, CONFIG_APDS9960, MIKROBUS_STATE_PWM, MIKROBUS_STATE_INPUT, MIKROBUS_STATE_UART, MIKROBUS_STATE_UART, MIKROBUS_STATE_I2C, MIKROBUS_STATE_I2C, MIKROBUS_STATE_SPI, MIKROBUS_STATE_SPI, MIKROBUS_STATE_SPI, MIKROBUS_STATE_SPI, MIKROBUS_STATE_OUTPUT_HIGH, MIKROBUS_STATE_INPUT, apds9960, I2C, 0x39, MIKROBUS_PIN_INT, IRQ_TYPE_EDGE_RISING, , , ,
IR THERMO 2 CLICK, https://www.mikroe.com/irthermo-2-click, OKAY, CONFIG_TMP007, MIKROBUS_STATE_PWM, MIKROBUS_STATE_INPUT, MIKROBUS_STATE_UART, MIKROBUS_STATE_UART, MIKROBUS_STATE_I2C, MIKROBUS_STATE_I2C, MIKROBUS_STATE_SPI, MIKROBUS_STATE_SPI, MIKROBUS_STATE_SPI, MIKROBUS_STATE_SPI, MIKROBUS_STATE_OUTPUT_HIGH, MIKROBUS_STATE_INPUT, tmp007, I2C, 0x40, MIKROBUS_PIN_INT, IRQ_TYPE_LEVEL_LOW, , , ,
LED DRIVER 7 CLICK, https://www.mikroe.com/led-driver-7-click, OKAY, CONFIG_AD525X_DPOT, MIKROBUS_STATE_PWM, MIKROBUS_STATE_INPUT, MIKROBUS_STATE_UART, MIKROBUS_STATE_UART, MIKROBUS_STATE_I2C, MIKROBUS_STATE_I2C, MIKROBUS_STATE_SPI, MIKROBUS_STATE_SPI, MIKROBUS_STATE_SPI, MIKROBUS_STATE_SPI, MIKROBUS_STATE_OUTPUT_HIGH, MIKROBUS_STATE_INPUT, ad5171, I2C, 0x2c, NONE, NONE, , , ,
LIGHTRANGER 2 CLICK, https://www.mikroe.com/lightranger-2-click, OKAY(requires driver patch), CONFIG_VL53L0X_I2C, MIKROBUS_STATE_PWM, MIKROBUS_STATE_INPUT, MIKROBUS_STATE_UART, MIKROBUS_STATE_UART, MIKROBUS_STATE_I2C, MIKROBUS_STATE_I2C, MIKROBUS_STATE_SPI, MIKROBUS_STATE_SPI, MIKROBUS_STATE_SPI, MIKROBUS_STATE_SPI, MIKROBUS_STATE_OUTPUT_HIGH, MIKROBUS_STATE_INPUT, vl53l0x, I2C, 0x29, MIKROBUS_PIN_INT, IRQ_TYPE_LEVEL_HIGH, , , ,
LIGHTRANGER 3 CLICK, https://www.mikroe.com/lightranger-3-click, OKAY, CONFIG_RFD77402, MIKROBUS_STATE_PWM, MIKROBUS_STATE_INPUT, MIKROBUS_STATE_UART, MIKROBUS_STATE_UART, MIKROBUS_STATE_I2C, MIKROBUS_STATE_I2C, MIKROBUS_STATE_SPI, MIKROBUS_STATE_SPI, MIKROBUS_STATE_SPI, MIKROBUS_STATE_SPI, MIKROBUS_STATE_OUTPUT_HIGH, MIKROBUS_STATE_INPUT, rfd77402, I2C, 0x4c, NONE, NONE, , , ,
LIGHTRANGER CLICK, https://www.mikroe.com/lightranger-click, OKAY, CONFIG_VL6180, MIKROBUS_STATE_PWM, MIKROBUS_STATE_INPUT, MIKROBUS_STATE_UART, MIKROBUS_STATE_UART, MIKROBUS_STATE_I2C, MIKROBUS_STATE_I2C, MIKROBUS_STATE_SPI, MIKROBUS_STATE_SPI, MIKROBUS_STATE_SPI, MIKROBUS_STATE_SPI, MIKROBUS_STATE_OUTPUT_HIGH, MIKROBUS_STATE_INPUT, vl6180, I2C, 0x29, NONE, NONE, , , ,
LPS22HB, https://www.mikroe.com/lps22hb-click, OKAY, CONFIG_IIO_ST_PRESS_I2C, MIKROBUS_STATE_PWM, MIKROBUS_STATE_INPUT, MIKROBUS_STATE_UART, MIKROBUS_STATE_UART, MIKROBUS_STATE_I2C, MIKROBUS_STATE_I2C, MIKROBUS_STATE_SPI, MIKROBUS_STATE_SPI, MIKROBUS_STATE_SPI, MIKROBUS_STATE_SPI, MIKROBUS_STATE_OUTPUT_HIGH, MIKROBUS_STATE_INPUT, lps22hb, I2C, 0x5c, MIKROBUS_PIN_INT, IRQ_TYPE_EDGE_RISING, , , ,
LSM303AGR CLICK, https://www.mikroe.com/lsm303agr-click-click, OKAY, CONFIG_IIO_ST_ACCEL_I2C_3AXIS, MIKROBUS_STATE_PWM, MIKROBUS_STATE_INPUT, MIKROBUS_STATE_UART, MIKROBUS_STATE_UART, MIKROBUS_STATE_I2C, MIKROBUS_STATE_I2C, MIKROBUS_STATE_SPI, MIKROBUS_STATE_SPI, MIKROBUS_STATE_SPI, MIKROBUS_STATE_SPI, MIKROBUS_STATE_OUTPUT_HIGH, MIKROBUS_STATE_INPUT, lsm303agr_accel, I2C, 0x19, MIKROBUS_PIN_INT, IRQ_TYPE_EDGE_RISING, , , ,lsm303agr_magn|I2C|30|NONE|NONE|0|NONE|0|0||
LSM6DSL CLICK, https://www.mikroe.com/lsm6dsl-click, OKAY, CONFIG_IIO_ST_LSM6DSX_I2C, MIKROBUS_STATE_PWM, MIKROBUS_STATE_INPUT, MIKROBUS_STATE_UART, MIKROBUS_STATE_UART, MIKROBUS_STATE_I2C, MIKROBUS_STATE_I2C, MIKROBUS_STATE_SPI, MIKROBUS_STATE_SPI, MIKROBUS_STATE_SPI, MIKROBUS_STATE_SPI, MIKROBUS_STATE_OUTPUT_HIGH, MIKROBUS_STATE_INPUT, lsm6dsl, SPI, 0x0, MIKROBUS_PIN_INT, IRQ_TYPE_EDGE_RISING,1000000, SPI_MODE_0, ,
MAGNETIC LINEAR CLICK, https://www.mikroe.com/magnetic-linear-click, OKAY, CONFIG_SENSORS_MCP3021, MIKROBUS_STATE_PWM, MIKROBUS_STATE_INPUT, MIKROBUS_STATE_UART, MIKROBUS_STATE_UART, MIKROBUS_STATE_I2C, MIKROBUS_STATE_I2C, MIKROBUS_STATE_SPI, MIKROBUS_STATE_SPI, MIKROBUS_STATE_SPI, MIKROBUS_STATE_SPI, MIKROBUS_STATE_OUTPUT_HIGH, MIKROBUS_STATE_INPUT, mcp3221, I2C, 0x4d, NONE, NONE, , , ,
MAGNETIC ROTARY CLICK, https://www.mikroe.com/magnetic-rotary-click, OKAY, CONFIG_MCP320X, MIKROBUS_STATE_PWM, MIKROBUS_STATE_INPUT, MIKROBUS_STATE_UART, MIKROBUS_STATE_UART, MIKROBUS_STATE_I2C, MIKROBUS_STATE_I2C, MIKROBUS_STATE_SPI, MIKROBUS_STATE_SPI, MIKROBUS_STATE_SPI, MIKROBUS_STATE_SPI, MIKROBUS_STATE_OUTPUT_HIGH, MIKROBUS_STATE_INPUT, mcp3202, SPI, 0x0, NONE, NONE,1000000, SPI_MODE_0, ,
MICROSD CLICK, https://www.mikroe.com/microsd-click, OKAY, CONFIG_MMC_SPI, MIKROBUS_STATE_PWM, MIKROBUS_STATE_INPUT, MIKROBUS_STATE_UART, MIKROBUS_STATE_UART, MIKROBUS_STATE_I2C, MIKROBUS_STATE_I2C, MIKROBUS_STATE_SPI, MIKROBUS_STATE_SPI, MIKROBUS_STATE_SPI, MIKROBUS_STATE_SPI, MIKROBUS_STATE_OUTPUT_HIGH, MIKROBUS_STATE_INPUT, mmc_spi, SPI, 0x1, NONE, NONE,50000000, SPI_MODE_0, ,
MPU 9DOF CLICK, https://www.mikroe.com/mpu-9dof-click, OKAY, CONFIG_INV_MPU6050_I2C, MIKROBUS_STATE_PWM, MIKROBUS_STATE_INPUT, MIKROBUS_STATE_UART, MIKROBUS_STATE_UART, MIKROBUS_STATE_I2C, MIKROBUS_STATE_I2C, MIKROBUS_STATE_SPI, MIKROBUS_STATE_SPI, MIKROBUS_STATE_SPI, MIKROBUS_STATE_SPI, MIKROBUS_STATE_OUTPUT_HIGH, MIKROBUS_STATE_INPUT, mpu9150, I2C, 0x68, MIKROBUS_PIN_INT, IRQ_TYPE_EDGE_RISING, , , ,
MPU IMU CLICK, https://www.mikroe.com/mpu-imu-click, OKAY, CONFIG_INV_MPU6050_SPI, MIKROBUS_STATE_PWM, MIKROBUS_STATE_INPUT, MIKROBUS_STATE_UART, MIKROBUS_STATE_UART, MIKROBUS_STATE_I2C, MIKROBUS_STATE_I2C, MIKROBUS_STATE_SPI, MIKROBUS_STATE_SPI, MIKROBUS_STATE_SPI, MIKROBUS_STATE_SPI, MIKROBUS_STATE_OUTPUT_HIGH, MIKROBUS_STATE_INPUT, mpu6000, SPI, 0x0, MIKROBUS_PIN_INT, IRQ_TYPE_EDGE_RISING,1000000, SPI_MODE_0, ,
NO2 2 CLICK, https://www.mikroe.com/no2-2-click, OKAY, CONFIG_MCP320X, MIKROBUS_STATE_PWM, MIKROBUS_STATE_INPUT, MIKROBUS_STATE_UART, MIKROBUS_STATE_UART, MIKROBUS_STATE_I2C, MIKROBUS_STATE_I2C, MIKROBUS_STATE_SPI, MIKROBUS_STATE_SPI, MIKROBUS_STATE_SPI, MIKROBUS_STATE_SPI, MIKROBUS_STATE_OUTPUT_HIGH, MIKROBUS_STATE_INPUT, mcp3201, SPI, 0x0, NONE, NONE,1000000, SPI_MODE_0, ,
NO2 CLICK, https://www.mikroe.com/no2-click, OKAY, CONFIG_SENSORS_MCP3021, MIKROBUS_STATE_PWM, MIKROBUS_STATE_INPUT, MIKROBUS_STATE_UART, MIKROBUS_STATE_UART, MIKROBUS_STATE_I2C, MIKROBUS_STATE_I2C, MIKROBUS_STATE_SPI, MIKROBUS_STATE_SPI, MIKROBUS_STATE_SPI, MIKROBUS_STATE_SPI, MIKROBUS_STATE_OUTPUT_LOW, MIKROBUS_STATE_INPUT, mcp3221, I2C, 0x4d, NONE, NONE, , , ,
OLEDB CLICK, https://www.mikroe.com/oledb-click, REQUIRES DRIVER PATCH, CONFIG_FB_TFT|CONFIG_FB_TFT_SSD1306, MIKROBUS_STATE_OUTPUT_HIGH, MIKROBUS_STATE_OUTPUT_HIGH, MIKROBUS_STATE_UART, MIKROBUS_STATE_UART, MIKROBUS_STATE_I2C, MIKROBUS_STATE_I2C, MIKROBUS_STATE_SPI, MIKROBUS_STATE_SPI, MIKROBUS_STATE_SPI, MIKROBUS_STATE_SPI, MIKROBUS_STATE_OUTPUT_HIGH, MIKROBUS_STATE_INPUT, fb_ssd1306, SPI, 0x0, NONE, NONE, 6000000, SPI_MODE_0, width|U32|[96]||height|U32|[39]||rotate|U32|[180]||buswidth|U32|[8]||debug|U32|[2]||reset|U8|[10 1]||dc|U8|[0 0],
OLEDC CLICK, https://www.mikroe.com/oledc-click, OKAY, CONFIG_FB_TFT|CONFIG_FB_TFT_SSD1351, MIKROBUS_STATE_OUTPUT_HIGH, MIKROBUS_STATE_OUTPUT_HIGH, MIKROBUS_STATE_UART, MIKROBUS_STATE_UART, MIKROBUS_STATE_I2C, MIKROBUS_STATE_I2C, MIKROBUS_STATE_SPI, MIKROBUS_STATE_SPI, MIKROBUS_STATE_SPI, MIKROBUS_STATE_SPI, MIKROBUS_STATE_OUTPUT_HIGH, MIKROBUS_STATE_INPUT, fb_ssd1351, SPI, 0x0, NONE, NONE, 6000000, SPI_MODE_0, width|U32|[128]||height|U32|[128]||fps|U32|[40]||regwidth|U32|[8]||buswidth|U32|[8]||backlight|U32|[2]||debug|U32|[3]||reset|U8|[10 1]||dc|U8|[0 0],
OLEDW CLICK, https://www.mikroe.com/oledw-click, REQUIRES DRIVER PATCH, CONFIG_FB_TFT|CONFIG_FB_TFT_SSD1306, MIKROBUS_STATE_OUTPUT_HIGH, MIKROBUS_STATE_OUTPUT_HIGH, MIKROBUS_STATE_UART, MIKROBUS_STATE_UART, MIKROBUS_STATE_I2C, MIKROBUS_STATE_I2C, MIKROBUS_STATE_SPI, MIKROBUS_STATE_SPI, MIKROBUS_STATE_SPI, MIKROBUS_STATE_SPI, MIKROBUS_STATE_OUTPUT_HIGH, MIKROBUS_STATE_INPUT, fb_ssd1306, SPI, 0x0, NONE, NONE, 6000000, SPI_MODE_0, width|U32|[96]||height|U32|[39]||rotate|U32|[180]||buswidth|U32|[8]||debug|U32|[2]||reset|U8|[10 1]||dc|U8|[0 0],
OZONE 2 CLICK, https://www.mikroe.com/ozone-2-click, OKAY, CONFIG_MCP320X, MIKROBUS_STATE_PWM, MIKROBUS_STATE_INPUT, MIKROBUS_STATE_UART, MIKROBUS_STATE_UART, MIKROBUS_STATE_I2C, MIKROBUS_STATE_I2C, MIKROBUS_STATE_SPI, MIKROBUS_STATE_SPI, MIKROBUS_STATE_SPI, MIKROBUS_STATE_SPI, MIKROBUS_STATE_OUTPUT_HIGH, MIKROBUS_STATE_INPUT, mcp3551, SPI, 0x0, NONE, NONE,1000000, SPI_MODE_0, ,
PRESSURE 11 CLICK, https://www.mikroe.com/pressure-11-click, OKAY, CONFIG_IIO_ST_PRESS_I2C, MIKROBUS_STATE_PWM, MIKROBUS_STATE_INPUT, MIKROBUS_STATE_UART, MIKROBUS_STATE_UART, MIKROBUS_STATE_I2C, MIKROBUS_STATE_I2C, MIKROBUS_STATE_SPI, MIKROBUS_STATE_SPI, MIKROBUS_STATE_SPI, MIKROBUS_STATE_SPI, MIKROBUS_STATE_OUTPUT_HIGH, MIKROBUS_STATE_INPUT, lps33hw, I2C, 0x5c, MIKROBUS_PIN_INT, IRQ_TYPE_EDGE_RISING, , , ,
PRESSURE 3 CLICK, https://www.mikroe.com/pressure-3-click, OKAY, CONFIG_DPS310, MIKROBUS_STATE_PWM, MIKROBUS_STATE_INPUT, MIKROBUS_STATE_UART, MIKROBUS_STATE_UART, MIKROBUS_STATE_I2C, MIKROBUS_STATE_I2C, MIKROBUS_STATE_SPI, MIKROBUS_STATE_SPI, MIKROBUS_STATE_SPI, MIKROBUS_STATE_SPI, MIKROBUS_STATE_OUTPUT_HIGH, MIKROBUS_STATE_INPUT, dps310, I2C, 0x76, MIKROBUS_PIN_INT, IRQ_TYPE_EDGE_RISING, , , ,
PRESSURE 4 CLICK, https://www.mikroe.com/pressure-4-click, OKAY, CONFIG_BMP280_SPI, MIKROBUS_STATE_PWM, MIKROBUS_STATE_INPUT, MIKROBUS_STATE_UART, MIKROBUS_STATE_UART, MIKROBUS_STATE_I2C, MIKROBUS_STATE_I2C, MIKROBUS_STATE_SPI, MIKROBUS_STATE_SPI, MIKROBUS_STATE_SPI, MIKROBUS_STATE_SPI, MIKROBUS_STATE_OUTPUT_HIGH, MIKROBUS_STATE_INPUT, bmp280, SPI, 0x0, NONE, NONE,500000, SPI_MODE_0, ,
PRESSURE CLICK, https://www.mikroe.com/pressure-click, OKAY, CONFIG_IIO_ST_PRESS, MIKROBUS_STATE_PWM, MIKROBUS_STATE_INPUT, MIKROBUS_STATE_UART, MIKROBUS_STATE_UART, MIKROBUS_STATE_I2C, MIKROBUS_STATE_I2C, MIKROBUS_STATE_SPI, MIKROBUS_STATE_SPI, MIKROBUS_STATE_SPI, MIKROBUS_STATE_SPI, MIKROBUS_STATE_OUTPUT_HIGH, MIKROBUS_STATE_INPUT, lps331ap, I2C, 0x5d, NONE, NONE, , , ,
PROXIMITY 10 CLICK, https://www.mikroe.com/proximity-10-click, OKAY, CONFIG_SI1145, MIKROBUS_STATE_PWM, MIKROBUS_STATE_INPUT, MIKROBUS_STATE_UART, MIKROBUS_STATE_UART, MIKROBUS_STATE_I2C, MIKROBUS_STATE_I2C, MIKROBUS_STATE_SPI, MIKROBUS_STATE_SPI, MIKROBUS_STATE_SPI, MIKROBUS_STATE_SPI, MIKROBUS_STATE_OUTPUT_HIGH, MIKROBUS_STATE_INPUT, si1143, I2C, 0x5a, MIKROBUS_PIN_INT, IRQ_TYPE_EDGE_FALLING, , , ,
PROXIMITY 5 CLICK, https://www.mikroe.com/proximity-5-click, OKAY(requires driver patch), CONFIG_VCNL4035, MIKROBUS_STATE_PWM, MIKROBUS_STATE_INPUT, MIKROBUS_STATE_UART, MIKROBUS_STATE_UART, MIKROBUS_STATE_I2C, MIKROBUS_STATE_I2C, MIKROBUS_STATE_SPI, MIKROBUS_STATE_SPI, MIKROBUS_STATE_SPI, MIKROBUS_STATE_SPI, MIKROBUS_STATE_OUTPUT_HIGH, MIKROBUS_STATE_INPUT, vcnl4035, I2C, 0x60, NONE, NONE, , , ,
PROXIMITY 2 CLICK, https://www.mikroe.com/proximity-2-click, OKAY, CONFIG_MAX44000, MIKROBUS_STATE_PWM, MIKROBUS_STATE_INPUT, MIKROBUS_STATE_UART, MIKROBUS_STATE_UART, MIKROBUS_STATE_I2C, MIKROBUS_STATE_I2C, MIKROBUS_STATE_SPI, MIKROBUS_STATE_SPI, MIKROBUS_STATE_SPI, MIKROBUS_STATE_SPI, MIKROBUS_STATE_OUTPUT_HIGH, MIKROBUS_STATE_INPUT, max44000, I2C, 0x4a, MIKROBUS_PIN_INT, IRQ_TYPE_LEVEL_LOW, , , ,
PROXIMITY 9 CLICK, https://www.mikroe.com/proximity-9-click, OKAY, CONFIG_VCNL4000, MIKROBUS_STATE_PWM, MIKROBUS_STATE_INPUT, MIKROBUS_STATE_UART, MIKROBUS_STATE_UART, MIKROBUS_STATE_I2C, MIKROBUS_STATE_I2C, MIKROBUS_STATE_SPI, MIKROBUS_STATE_SPI, MIKROBUS_STATE_SPI, MIKROBUS_STATE_SPI, MIKROBUS_STATE_OUTPUT_HIGH, MIKROBUS_STATE_INPUT, vcnl4040, I2C, 0x60, NONE, NONE, , , ,
PROXIMITY CLICK, https://www.mikroe.com/proximity-click, OKAY, CONFIG_VCNL4000, MIKROBUS_STATE_PWM, MIKROBUS_STATE_INPUT, MIKROBUS_STATE_UART, MIKROBUS_STATE_UART, MIKROBUS_STATE_I2C, MIKROBUS_STATE_I2C, MIKROBUS_STATE_SPI, MIKROBUS_STATE_SPI, MIKROBUS_STATE_SPI, MIKROBUS_STATE_SPI, MIKROBUS_STATE_OUTPUT_HIGH, MIKROBUS_STATE_INPUT, vcnl4010, I2C, 0x13, NONE, NONE, , , ,
PWM CLICK, https://www.mikroe.com/pwm-click, OKAY, CONFIG_PWM_PCA9685, MIKROBUS_STATE_PWM, MIKROBUS_STATE_INPUT, MIKROBUS_STATE_UART, MIKROBUS_STATE_UART, MIKROBUS_STATE_I2C, MIKROBUS_STATE_I2C, MIKROBUS_STATE_SPI, MIKROBUS_STATE_SPI, MIKROBUS_STATE_SPI, MIKROBUS_STATE_SPI, MIKROBUS_STATE_OUTPUT_HIGH, MIKROBUS_STATE_INPUT, pca9685, I2C, 0x40, NONE, NONE, , , ,
RF METER CLICK, https://www.mikroe.com/rf-meter-click-click, OKAY, CONFIG_MCP320X, MIKROBUS_STATE_PWM, MIKROBUS_STATE_INPUT, MIKROBUS_STATE_UART, MIKROBUS_STATE_UART, MIKROBUS_STATE_I2C, MIKROBUS_STATE_I2C, MIKROBUS_STATE_SPI, MIKROBUS_STATE_SPI, MIKROBUS_STATE_SPI, MIKROBUS_STATE_SPI, MIKROBUS_STATE_OUTPUT_HIGH, MIKROBUS_STATE_INPUT, mcp3201, SPI, 0x0, NONE, NONE,1000000, SPI_MODE_0, ,
RMS TO DC CLICK, https://www.mikroe.com/rms-to-dc-click, OKAY, CONFIG_MCP320X, MIKROBUS_STATE_PWM, MIKROBUS_STATE_INPUT, MIKROBUS_STATE_UART, MIKROBUS_STATE_UART, MIKROBUS_STATE_I2C, MIKROBUS_STATE_I2C, MIKROBUS_STATE_SPI, MIKROBUS_STATE_SPI, MIKROBUS_STATE_SPI, MIKROBUS_STATE_SPI, MIKROBUS_STATE_OUTPUT_HIGH, MIKROBUS_STATE_INPUT, mcp3221, I2C, 0x4d, NONE, NONE, , , ,
RTC 6 CLICK, https://www.mikroe.com/rtc6-click, OKAY, CONFIG_RTC_DRV_DS1307, MIKROBUS_STATE_PWM, MIKROBUS_STATE_INPUT, MIKROBUS_STATE_UART, MIKROBUS_STATE_UART, MIKROBUS_STATE_I2C, MIKROBUS_STATE_I2C, MIKROBUS_STATE_SPI, MIKROBUS_STATE_SPI, MIKROBUS_STATE_SPI, MIKROBUS_STATE_SPI, MIKROBUS_STATE_OUTPUT_HIGH, MIKROBUS_STATE_INPUT, mcp7941x, I2C, 0x6f, NONE, NONE, , , ,
SHT1X CLICK, https://www.mikroe.com/sht1x-click, OKAY, CONFIG_SENSORS_SHT15, MIKROBUS_STATE_PWM, MIKROBUS_STATE_INPUT, MIKROBUS_STATE_UART, MIKROBUS_STATE_UART, MIKROBUS_STATE_OUTPUT_LOW, MIKROBUS_STATE_OUTPUT_LOW, MIKROBUS_STATE_SPI, MIKROBUS_STATE_SPI, MIKROBUS_STATE_SPI, MIKROBUS_STATE_SPI, MIKROBUS_STATE_OUTPUT_HIGH, MIKROBUS_STATE_INPUT, sht11, PLATFORM, 0x0, NONE, NONE, , , clk|U8|[4]||data|U8|[5],
SHT CLICK, https://www.mikroe.com/sht-click, OKAY, CONFIG_SENSORS_SHT3X, MIKROBUS_STATE_PWM, MIKROBUS_STATE_INPUT, MIKROBUS_STATE_UART, MIKROBUS_STATE_UART, MIKROBUS_STATE_I2C, MIKROBUS_STATE_I2C, MIKROBUS_STATE_SPI, MIKROBUS_STATE_SPI, MIKROBUS_STATE_SPI, MIKROBUS_STATE_SPI, MIKROBUS_STATE_OUTPUT_HIGH, MIKROBUS_STATE_INPUT, sht3x, I2C, 0x44, NONE, NONE, , , ,
SMOKE CLICK, https://www.mikroe.com/smoke-click, OKAY, CONFIG_MAX30102, MIKROBUS_STATE_PWM, MIKROBUS_STATE_INPUT, MIKROBUS_STATE_UART, MIKROBUS_STATE_UART, MIKROBUS_STATE_I2C, MIKROBUS_STATE_I2C, MIKROBUS_STATE_SPI, MIKROBUS_STATE_SPI, MIKROBUS_STATE_SPI, MIKROBUS_STATE_SPI, MIKROBUS_STATE_OUTPUT_HIGH, MIKROBUS_STATE_INPUT, max30105, I2C, 0x57, MIKROBUS_PIN_INT, IRQ_TYPE_EDGE_FALLING, , , ,
TEMP HUM 11 CLICK, https://www.mikroe.com/temp-hum-11-click, OKAY, CONFIG_HDC100X, MIKROBUS_STATE_PWM, MIKROBUS_STATE_INPUT, MIKROBUS_STATE_UART, MIKROBUS_STATE_UART, MIKROBUS_STATE_I2C, MIKROBUS_STATE_I2C, MIKROBUS_STATE_SPI, MIKROBUS_STATE_SPI, MIKROBUS_STATE_SPI, MIKROBUS_STATE_SPI, MIKROBUS_STATE_OUTPUT_HIGH, MIKROBUS_STATE_INPUT, hdc1080, I2C, 0x40, NONE, NONE, , , ,
TEMP HUM 12 CLICK, https://www.mikroe.com/temp-hum-12-click, OKAY, CONFIG_HDC2010, MIKROBUS_STATE_PWM, MIKROBUS_STATE_INPUT, MIKROBUS_STATE_UART, MIKROBUS_STATE_UART, MIKROBUS_STATE_I2C, MIKROBUS_STATE_I2C, MIKROBUS_STATE_SPI, MIKROBUS_STATE_SPI, MIKROBUS_STATE_SPI, MIKROBUS_STATE_SPI, MIKROBUS_STATE_OUTPUT_HIGH, MIKROBUS_STATE_INPUT, hdc2080, I2C, 0x40, NONE, NONE, , , ,
TEMP HUM 4 CLICK, https://www.mikroe.com/temp-hum-4-click, OKAY, CONFIG_HDC100X, MIKROBUS_STATE_PWM, MIKROBUS_STATE_INPUT, MIKROBUS_STATE_UART, MIKROBUS_STATE_UART, MIKROBUS_STATE_I2C, MIKROBUS_STATE_I2C, MIKROBUS_STATE_SPI, MIKROBUS_STATE_SPI, MIKROBUS_STATE_SPI, MIKROBUS_STATE_SPI, MIKROBUS_STATE_OUTPUT_HIGH, MIKROBUS_STATE_INPUT, hdc1010, I2C, 0x43, NONE, NONE, , , ,
TEMP HUM 3 CLICK, https://www.mikroe.com/temp-hum-3-click, OKAY, CONFIG_HDC2010, MIKROBUS_STATE_PWM, MIKROBUS_STATE_INPUT, MIKROBUS_STATE_UART, MIKROBUS_STATE_UART, MIKROBUS_STATE_I2C, MIKROBUS_STATE_I2C, MIKROBUS_STATE_SPI, MIKROBUS_STATE_SPI, MIKROBUS_STATE_SPI, MIKROBUS_STATE_SPI, MIKROBUS_STATE_OUTPUT_HIGH, MIKROBUS_STATE_INPUT, hdc2010, I2C, 0x40, NONE, NONE, , , ,
TEMP HUM 7 CLICK, https://www.mikroe.com/temp-hum-7-click, OKAY, CONFIG_SI7020, MIKROBUS_STATE_PWM, MIKROBUS_STATE_INPUT, MIKROBUS_STATE_UART, MIKROBUS_STATE_UART, MIKROBUS_STATE_I2C, MIKROBUS_STATE_I2C, MIKROBUS_STATE_SPI, MIKROBUS_STATE_SPI, MIKROBUS_STATE_SPI, MIKROBUS_STATE_SPI, MIKROBUS_STATE_OUTPUT_HIGH, MIKROBUS_STATE_INPUT, si7020, I2C, 0x40, NONE, NONE, , , ,
TEMP HUM 9 CLICK, https://www.mikroe.com/temphum-9-click, OKAY, CONFIG_SENSORS_SHTC1, MIKROBUS_STATE_PWM, MIKROBUS_STATE_INPUT, MIKROBUS_STATE_UART, MIKROBUS_STATE_UART, MIKROBUS_STATE_I2C, MIKROBUS_STATE_I2C, MIKROBUS_STATE_SPI, MIKROBUS_STATE_SPI, MIKROBUS_STATE_SPI, MIKROBUS_STATE_SPI, MIKROBUS_STATE_OUTPUT_HIGH, MIKROBUS_STATE_INPUT, shtc3, I2C, 0x70, NONE, NONE, , , ,
TEMP HUM CLICK, https://www.mikroe.com/temp-hum-click, OKAY, CONFIG_HTS221_I2C, MIKROBUS_STATE_PWM, MIKROBUS_STATE_INPUT, MIKROBUS_STATE_UART, MIKROBUS_STATE_UART, MIKROBUS_STATE_I2C, MIKROBUS_STATE_I2C, MIKROBUS_STATE_SPI, MIKROBUS_STATE_SPI, MIKROBUS_STATE_SPI, MIKROBUS_STATE_SPI, MIKROBUS_STATE_OUTPUT_HIGH, MIKROBUS_STATE_INPUT, hts221, I2C, 0x5f, MIKROBUS_PIN_INT, IRQ_TYPE_EDGE_RISING, , , ,
TEMP LOG 3 CLICK, https://www.mikroe.com/temp-log-3-click, OKAY, CONFIG_SENSORS_JC42, MIKROBUS_STATE_PWM, MIKROBUS_STATE_INPUT, MIKROBUS_STATE_UART, MIKROBUS_STATE_UART, MIKROBUS_STATE_I2C, MIKROBUS_STATE_I2C, MIKROBUS_STATE_SPI, MIKROBUS_STATE_SPI, MIKROBUS_STATE_SPI, MIKROBUS_STATE_SPI, MIKROBUS_STATE_OUTPUT_HIGH, MIKROBUS_STATE_INPUT, jc42, I2C, 0x18, NONE, NONE, , , ,
TEMP LOG 4 CLICK, https://www.mikroe.com/temp-log-4-click, OKAY, CONFIG_SENSORS_JC42, MIKROBUS_STATE_PWM, MIKROBUS_STATE_INPUT, MIKROBUS_STATE_UART, MIKROBUS_STATE_UART, MIKROBUS_STATE_I2C, MIKROBUS_STATE_I2C, MIKROBUS_STATE_SPI, MIKROBUS_STATE_SPI, MIKROBUS_STATE_SPI, MIKROBUS_STATE_SPI, MIKROBUS_STATE_OUTPUT_HIGH, MIKROBUS_STATE_INPUT, jc42, I2C, 0x18, NONE, NONE, , , ,
TEMP LOG 6 CLICK, https://www.mikroe.com/temp-log-6-click, OKAY, CONFIG_SENSORS_MAX6642, MIKROBUS_STATE_PWM, MIKROBUS_STATE_INPUT, MIKROBUS_STATE_UART, MIKROBUS_STATE_UART, MIKROBUS_STATE_I2C, MIKROBUS_STATE_I2C, MIKROBUS_STATE_SPI, MIKROBUS_STATE_SPI, MIKROBUS_STATE_SPI, MIKROBUS_STATE_SPI, MIKROBUS_STATE_OUTPUT_HIGH, MIKROBUS_STATE_INPUT, max6642, I2C, 0x4a, MIKROBUS_PIN_INT, IRQ_TYPE_EDGE_RISING, , , ,
THERMO 12 CLICK, https://www.mikroe.com/thermo-12-click, OKAY(REQUIRES DRIVER PATCH), CONFIG_SENSORS_ADT7410, MIKROBUS_STATE_PWM, MIKROBUS_STATE_INPUT, MIKROBUS_STATE_UART, MIKROBUS_STATE_UART, MIKROBUS_STATE_I2C, MIKROBUS_STATE_I2C, MIKROBUS_STATE_SPI, MIKROBUS_STATE_SPI, MIKROBUS_STATE_SPI, MIKROBUS_STATE_SPI, MIKROBUS_STATE_OUTPUT_HIGH, MIKROBUS_STATE_INPUT, adt7420, I2C, 0x48, MIKROBUS_PIN_INT, IRQ_TYPE_EDGE_RISING, , , ,
THERMO 15 CLICK, https://www.mikroe.com/thermo-15-click, OKAY, CONFIG_SENSORS_LM75, MIKROBUS_STATE_PWM, MIKROBUS_STATE_INPUT, MIKROBUS_STATE_UART, MIKROBUS_STATE_UART, MIKROBUS_STATE_I2C, MIKROBUS_STATE_I2C, MIKROBUS_STATE_SPI, MIKROBUS_STATE_SPI, MIKROBUS_STATE_SPI, MIKROBUS_STATE_SPI, MIKROBUS_STATE_OUTPUT_HIGH, MIKROBUS_STATE_INPUT, lm75a, I2C, 0x48, NONE, NONE, , , ,
THERMO 17 CLICK, https://www.mikroe.com/thermo-17-click, OKAY, CONFIG_SENSORS_LM90, MIKROBUS_STATE_PWM, MIKROBUS_STATE_INPUT, MIKROBUS_STATE_UART, MIKROBUS_STATE_UART, MIKROBUS_STATE_I2C, MIKROBUS_STATE_I2C, MIKROBUS_STATE_SPI, MIKROBUS_STATE_SPI, MIKROBUS_STATE_SPI, MIKROBUS_STATE_SPI, MIKROBUS_STATE_OUTPUT_HIGH, MIKROBUS_STATE_INPUT, tmp451, I2C, 0x4c, MIKROBUS_PIN_INT, IRQ_TYPE_LEVEL_LOW, , , ,
THERMO 3 CLICK, https://www.mikroe.com/thermo-3-click, OKAY(REQUIRES DRIVER PATCH), CONFIG_SENSORS_TMP102, MIKROBUS_STATE_PWM, MIKROBUS_STATE_INPUT, MIKROBUS_STATE_UART, MIKROBUS_STATE_UART, MIKROBUS_STATE_I2C, MIKROBUS_STATE_I2C, MIKROBUS_STATE_SPI, MIKROBUS_STATE_SPI, MIKROBUS_STATE_SPI, MIKROBUS_STATE_SPI, MIKROBUS_STATE_OUTPUT_HIGH, MIKROBUS_STATE_INPUT, tmp102, I2C, 0x48, NONE, NONE, , , ,
THERMO 4 CLICK, https://www.mikroe.com/thermo-4-click, OKAY, CONFIG_SENSORS_LM75, MIKROBUS_STATE_PWM, MIKROBUS_STATE_INPUT, MIKROBUS_STATE_UART, MIKROBUS_STATE_UART, MIKROBUS_STATE_I2C, MIKROBUS_STATE_I2C, MIKROBUS_STATE_SPI, MIKROBUS_STATE_SPI, MIKROBUS_STATE_SPI, MIKROBUS_STATE_SPI, MIKROBUS_STATE_OUTPUT_HIGH, MIKROBUS_STATE_INPUT, lm75a, I2C, 0x48, NONE, NONE, , , ,
THERMO 7 CLICK, https://www.mikroe.com/thermo-7-click, OKAY, CONFIG_SENSORS_LM75, MIKROBUS_STATE_PWM, MIKROBUS_STATE_INPUT, MIKROBUS_STATE_UART, MIKROBUS_STATE_UART, MIKROBUS_STATE_I2C, MIKROBUS_STATE_I2C, MIKROBUS_STATE_SPI, MIKROBUS_STATE_SPI, MIKROBUS_STATE_SPI, MIKROBUS_STATE_SPI, MIKROBUS_STATE_OUTPUT_HIGH, MIKROBUS_STATE_INPUT, mcp980x, I2C, 0x48, NONE, NONE, , , ,
THERMO 8 CLICK, https://www.mikroe.com/thermo-8-click, OKAY, CONFIG_SENSORS_LM75, MIKROBUS_STATE_PWM, MIKROBUS_STATE_INPUT, MIKROBUS_STATE_UART, MIKROBUS_STATE_UART, MIKROBUS_STATE_I2C, MIKROBUS_STATE_I2C, MIKROBUS_STATE_SPI, MIKROBUS_STATE_SPI, MIKROBUS_STATE_SPI, MIKROBUS_STATE_SPI, MIKROBUS_STATE_OUTPUT_HIGH, MIKROBUS_STATE_INPUT, mcp980x, I2C, 0x18, NONE, NONE, , , ,
THERMO CLICK, https://www.mikroe.com/thermo-click, OKAY, CONFIG_MAXIM_THERMOCOUPLE, MIKROBUS_STATE_PWM, MIKROBUS_STATE_INPUT, MIKROBUS_STATE_UART, MIKROBUS_STATE_UART, MIKROBUS_STATE_I2C, MIKROBUS_STATE_I2C, MIKROBUS_STATE_SPI, MIKROBUS_STATE_SPI, MIKROBUS_STATE_SPI, MIKROBUS_STATE_SPI, MIKROBUS_STATE_OUTPUT_HIGH, MIKROBUS_STATE_INPUT, max31855k, SPI, 0x0, NONE, NONE,1000000, SPI_MODE_0, ,
THERMOSTAT 3 CLICK, https://www.mikroe.com/thermostat-3-click, OKAY, CONFIG_MAXIM_THERMOCOUPLE, MIKROBUS_STATE_PWM, MIKROBUS_STATE_INPUT, MIKROBUS_STATE_UART, MIKROBUS_STATE_UART, MIKROBUS_STATE_I2C, MIKROBUS_STATE_I2C, MIKROBUS_STATE_SPI, MIKROBUS_STATE_SPI, MIKROBUS_STATE_SPI, MIKROBUS_STATE_SPI, MIKROBUS_STATE_OUTPUT_HIGH, MIKROBUS_STATE_INPUT, max31855k, SPI, 0x0, NONE, NONE,1000000, SPI_MODE_0, ,
THUNDER CLICK, https://www.mikroe.com/thunder-click, OKAY, CONFIG_AS3935, MIKROBUS_STATE_PWM, MIKROBUS_STATE_INPUT, MIKROBUS_STATE_UART, MIKROBUS_STATE_UART, MIKROBUS_STATE_I2C, MIKROBUS_STATE_I2C, MIKROBUS_STATE_SPI, MIKROBUS_STATE_SPI, MIKROBUS_STATE_SPI, MIKROBUS_STATE_SPI, MIKROBUS_STATE_OUTPUT_HIGH, MIKROBUS_STATE_INPUT, as3935, SPI, 0x0, MIKROBUS_PIN_INT, IRQ_TYPE_EDGE_RISING,400000, SPI_MODE_1, ,
UV 3 CLICK, https://www.mikroe.com/uv-3-click, OKAY, CONFIG_VEML6070, MIKROBUS_STATE_PWM, MIKROBUS_STATE_INPUT, MIKROBUS_STATE_UART, MIKROBUS_STATE_UART, MIKROBUS_STATE_I2C, MIKROBUS_STATE_I2C, MIKROBUS_STATE_SPI, MIKROBUS_STATE_SPI, MIKROBUS_STATE_SPI, MIKROBUS_STATE_SPI, MIKROBUS_STATE_OUTPUT_HIGH, MIKROBUS_STATE_INPUT, veml6070, I2C, 0x38, MIKROBUS_PIN_INT, IRQ_TYPE_LEVEL_LOW, , , ,
VACUUM CLICK, https://www.mikroe.com/vacuum-click, OKAY, CONFIG_SENSORS_MCP3021, MIKROBUS_STATE_PWM, MIKROBUS_STATE_INPUT, MIKROBUS_STATE_UART, MIKROBUS_STATE_UART, MIKROBUS_STATE_I2C, MIKROBUS_STATE_I2C, MIKROBUS_STATE_SPI, MIKROBUS_STATE_SPI, MIKROBUS_STATE_SPI, MIKROBUS_STATE_SPI, MIKROBUS_STATE_OUTPUT_HIGH, MIKROBUS_STATE_INPUT, mcp3221, I2C, 0x4d, NONE, NONE, , , ,
VOLTMETER CLICK, https://www.mikroe.com/voltmeter-click, OKAY, CONFIG_MCP320X, MIKROBUS_STATE_PWM, MIKROBUS_STATE_INPUT, MIKROBUS_STATE_UART, MIKROBUS_STATE_UART, MIKROBUS_STATE_I2C, MIKROBUS_STATE_I2C, MIKROBUS_STATE_SPI, MIKROBUS_STATE_SPI, MIKROBUS_STATE_SPI, MIKROBUS_STATE_SPI, MIKROBUS_STATE_OUTPUT_HIGH, MIKROBUS_STATE_INPUT, mcp3201, SPI, 0x0, NONE, NONE,1000000, SPI_MODE_0, ,
WAVEFORM CLICK, https://www.mikroe.com/waveform-click, OKAY(REQUIRES DRIVER PATCH), CONFIG_AD9834, MIKROBUS_STATE_PWM, MIKROBUS_STATE_INPUT, MIKROBUS_STATE_UART, MIKROBUS_STATE_UART, MIKROBUS_STATE_I2C, MIKROBUS_STATE_I2C, MIKROBUS_STATE_SPI, MIKROBUS_STATE_SPI, MIKROBUS_STATE_SPI, MIKROBUS_STATE_SPI, MIKROBUS_STATE_OUTPUT_HIGH, MIKROBUS_STATE_INPUT, ad9833, SPI, 0x1, NONE, NONE, 50000000, SPI_MODE_2, ,spidev|SPI|0|NONE|NONE|5000000|SPI_MODE_0|0|0||
WEATHER CLICK, https://www.mikroe.com/weather-click, OKAY, CONFIG_BMP280_I2C, MIKROBUS_STATE_PWM, MIKROBUS_STATE_INPUT, MIKROBUS_STATE_UART, MIKROBUS_STATE_UART, MIKROBUS_STATE_I2C, MIKROBUS_STATE_I2C, MIKROBUS_STATE_SPI, MIKROBUS_STATE_SPI, MIKROBUS_STATE_SPI, MIKROBUS_STATE_SPI, MIKROBUS_STATE_OUTPUT_HIGH, MIKROBUS_STATE_INPUT, bme280, I2C, 0x76, NONE, NONE, , , ,
GNSS 2 CLICK, https://www.mikroe.com/gnss-2-click, REQUIRE TESTING/HARDWARE SUPPORT, CONFIG_GNSS_UBX_SERIAL, MIKROBUS_STATE_PWM, MIKROBUS_STATE_INPUT, MIKROBUS_STATE_UART, MIKROBUS_STATE_UART, MIKROBUS_STATE_I2C, MIKROBUS_STATE_I2C, MIKROBUS_STATE_SPI, MIKROBUS_STATE_SPI, MIKROBUS_STATE_SPI, MIKROBUS_STATE_SPI, MIKROBUS_STATE_OUTPUT_HIGH, MIKROBUS_STATE_OUTPUT_HIGH, neo-8, UART, 0x0, NONE, NONE, , , current-speed|U32|[9600],
GNSS 3 CLICK, https://www.mikroe.com/gnss-3-click,  REQUIRE TESTING/HARDWARE SUPPORT, CONFIG_GNSS_UBX_SERIAL, MIKROBUS_STATE_PWM, MIKROBUS_STATE_INPUT, MIKROBUS_STATE_UART, MIKROBUS_STATE_UART, MIKROBUS_STATE_I2C, MIKROBUS_STATE_I2C, MIKROBUS_STATE_SPI, MIKROBUS_STATE_SPI, MIKROBUS_STATE_SPI, MIKROBUS_STATE_SPI, MIKROBUS_STATE_OUTPUT_HIGH, MIKROBUS_STATE_OUTPUT_HIGH, neo-8, UART, 0x0, NONE, NONE, , , current-speed|U32|[9600],
GNSS CLICK, https://www.mikroe.com/gnss-click,  REQUIRE TESTING/HARDWARE SUPPORT, CONFIG_GNSS_UBX_SERIAL, MIKROBUS_STATE_PWM, MIKROBUS_STATE_INPUT, MIKROBUS_STATE_UART, MIKROBUS_STATE_UART, MIKROBUS_STATE_I2C, MIKROBUS_STATE_I2C, MIKROBUS_STATE_SPI, MIKROBUS_STATE_SPI, MIKROBUS_STATE_SPI, MIKROBUS_STATE_SPI, MIKROBUS_STATE_OUTPUT_HIGH, MIKROBUS_STATE_OUTPUT_HIGH, neo-8, UART, 0x0, NONE, NONE, , , current-speed|U32|[9600],
GPS 2 CLICK, https://www.mikroe.com/gps-2-click,  REQUIRE TESTING/HARDWARE SUPPORT, CONFIG_GNSS_UBX_SERIAL, MIKROBUS_STATE_OUTPUT_HIGH, MIKROBUS_STATE_INPUT, MIKROBUS_STATE_UART, MIKROBUS_STATE_UART, MIKROBUS_STATE_I2C, MIKROBUS_STATE_I2C, MIKROBUS_STATE_SPI, MIKROBUS_STATE_SPI, MIKROBUS_STATE_SPI, MIKROBUS_STATE_SPI, MIKROBUS_STATE_OUTPUT_HIGH, MIKROBUS_STATE_INPUT, neo-8, UART, 0x0, NONE, NONE, , , current-speed|U32|[9600],
GPS 3 CLICK, https://www.mikroe.com/gps-3-click,  REQUIRE TESTING/HARDWARE SUPPORT, CONFIG_GNSS_UBX_SERIAL, MIKROBUS_STATE_PWM, MIKROBUS_STATE_INPUT, MIKROBUS_STATE_UART, MIKROBUS_STATE_UART, MIKROBUS_STATE_I2C, MIKROBUS_STATE_I2C, MIKROBUS_STATE_SPI, MIKROBUS_STATE_SPI, MIKROBUS_STATE_SPI, MIKROBUS_STATE_SPI, MIKROBUS_STATE_OUTPUT_HIGH, MIKROBUS_STATE_OUTPUT_HIGH, neo-8, UART, 0x0, NONE, NONE, , , current-speed|U32|[4800],
GPS 4 CLICK, https://www.mikroe.com/gps-4-click,  REQUIRE TESTING/HARDWARE SUPPORT, CONFIG_GNSS_UBX_SERIAL, MIKROBUS_STATE_PWM, MIKROBUS_STATE_INPUT, MIKROBUS_STATE_UART, MIKROBUS_STATE_UART, MIKROBUS_STATE_I2C, MIKROBUS_STATE_I2C, MIKROBUS_STATE_SPI, MIKROBUS_STATE_SPI, MIKROBUS_STATE_SPI, MIKROBUS_STATE_SPI, MIKROBUS_STATE_OUTPUT_HIGH, MIKROBUS_STATE_OUTPUT_HIGH, neo-8, UART, 0x0, NONE, NONE, , , current-speed|U32|[9600],
GPS CLICK, https://www.mikroe.com/gps-click,  REQUIRE TESTING/HARDWARE SUPPORT, CONFIG_GNSS_UBX_SERIAL, MIKROBUS_STATE_PWM, MIKROBUS_STATE_INPUT, MIKROBUS_STATE_UART, MIKROBUS_STATE_UART, MIKROBUS_STATE_I2C, MIKROBUS_STATE_I2C, MIKROBUS_STATE_SPI, MIKROBUS_STATE_SPI, MIKROBUS_STATE_SPI, MIKROBUS_STATE_SPI, MIKROBUS_STATE_OUTPUT_HIGH, MIKROBUS_STATE_OUTPUT_HIGH, neo-8, UART, 0x0, NONE, NONE, , , current-speed|U32|[9600],
NANO GPS CLICK, https://www.mikroe.com/nano-gps-click,  REQUIRE TESTING/HARDWARE SUPPORT, CONFIG_GNSS_UBX_SERIAL, MIKROBUS_STATE_PWM, MIKROBUS_STATE_INPUT, MIKROBUS_STATE_UART, MIKROBUS_STATE_UART, MIKROBUS_STATE_I2C, MIKROBUS_STATE_I2C, MIKROBUS_STATE_SPI, MIKROBUS_STATE_SPI, MIKROBUS_STATE_SPI, MIKROBUS_STATE_SPI, MIKROBUS_STATE_OUTPUT_HIGH, MIKROBUS_STATE_OUTPUT_HIGH, neo-8, UART, 0x0, NONE, NONE, , , current-speed|U32|[9600],
ALTITUDE 2 CLICK, https://www.mikroe.com/altitude-2-click,  REQUIRE TESTING/HARDWARE SUPPORT, CONFIG_MS5611_I2C, MIKROBUS_STATE_PWM, MIKROBUS_STATE_INPUT, MIKROBUS_STATE_UART, MIKROBUS_STATE_UART, MIKROBUS_STATE_I2C, MIKROBUS_STATE_I2C, MIKROBUS_STATE_SPI, MIKROBUS_STATE_SPI, MIKROBUS_STATE_SPI, MIKROBUS_STATE_SPI, MIKROBUS_STATE_OUTPUT_HIGH, MIKROBUS_STATE_INPUT, ms5607, I2C, 0x77, NONE, NONE, , , ,
ALTITUDE CLICK, https://www.mikroe.com/altitude-click,  REQUIRE TESTING/HARDWARE SUPPORT, CONFIG_MPL3115, MIKROBUS_STATE_PWM, MIKROBUS_STATE_INPUT, MIKROBUS_STATE_UART, MIKROBUS_STATE_UART, MIKROBUS_STATE_I2C, MIKROBUS_STATE_I2C, MIKROBUS_STATE_SPI, MIKROBUS_STATE_SPI, MIKROBUS_STATE_SPI, MIKROBUS_STATE_SPI, MIKROBUS_STATE_OUTPUT_HIGH, MIKROBUS_STATE_INPUT, mpl3115, I2C, 0x60, NONE, NONE, , , ,
HTU21D CLICK, https://www.mikroe.com/htu21d-click,  REQUIRE TESTING/HARDWARE SUPPORT, CONFIG_HTU21, MIKROBUS_STATE_PWM, MIKROBUS_STATE_INPUT, MIKROBUS_STATE_UART, MIKROBUS_STATE_UART, MIKROBUS_STATE_I2C, MIKROBUS_STATE_I2C, MIKROBUS_STATE_SPI, MIKROBUS_STATE_SPI, MIKROBUS_STATE_SPI, MIKROBUS_STATE_SPI, MIKROBUS_STATE_OUTPUT_HIGH, MIKROBUS_STATE_INPUT, htu21, I2C, 0x40, NONE, NONE, , , ,
PRESSURE 7 CLICK, https://www.mikroe.com/pressure-7-click,  REQUIRE TESTING/HARDWARE SUPPORT, CONFIG_MS5637, MIKROBUS_STATE_PWM, MIKROBUS_STATE_INPUT, MIKROBUS_STATE_UART, MIKROBUS_STATE_UART, MIKROBUS_STATE_I2C, MIKROBUS_STATE_I2C, MIKROBUS_STATE_SPI, MIKROBUS_STATE_SPI, MIKROBUS_STATE_SPI, MIKROBUS_STATE_SPI, MIKROBUS_STATE_OUTPUT_HIGH, MIKROBUS_STATE_INPUT, ms5837, I2C, 0x76, NONE, NONE, , , ,
TEMP HUM 8 CLICK, https://www.mikroe.com/temp-hum-8-click, REQUIRE TESTING/HARDWARE SUPPORTOKAY, CONFIG_SENSORS_SHT21, MIKROBUS_STATE_PWM, MIKROBUS_STATE_INPUT, MIKROBUS_STATE_UART, MIKROBUS_STATE_UART, MIKROBUS_STATE_I2C, MIKROBUS_STATE_I2C, MIKROBUS_STATE_SPI, MIKROBUS_STATE_SPI, MIKROBUS_STATE_SPI, MIKROBUS_STATE_SPI, MIKROBUS_STATE_OUTPUT_HIGH, MIKROBUS_STATE_INPUT, sht21, I2C, 0x40, NONE, NONE, , , ,
THERMO 9 CLICK, https://www.mikroe.com/thermo-9-click,  REQUIRE TESTING/HARDWARE SUPPORT, CONFIG_TSYS01, MIKROBUS_STATE_PWM, MIKROBUS_STATE_INPUT, MIKROBUS_STATE_UART, MIKROBUS_STATE_UART, MIKROBUS_STATE_I2C, MIKROBUS_STATE_I2C, MIKROBUS_STATE_SPI, MIKROBUS_STATE_SPI, MIKROBUS_STATE_SPI, MIKROBUS_STATE_SPI, MIKROBUS_STATE_OUTPUT_HIGH, MIKROBUS_STATE_INPUT, tsys01, I2C, 0x76, NONE, NONE, , , ,
UV 2 CLICK, https://www.mikroe.com/uv-2-click,  REQUIRE TESTING/HARDWARE SUPPORT, CONFIG_VEML6070, MIKROBUS_STATE_PWM, MIKROBUS_STATE_INPUT, MIKROBUS_STATE_UART, MIKROBUS_STATE_UART, MIKROBUS_STATE_I2C, MIKROBUS_STATE_I2C, MIKROBUS_STATE_SPI, MIKROBUS_STATE_SPI, MIKROBUS_STATE_SPI, MIKROBUS_STATE_SPI, MIKROBUS_STATE_OUTPUT_HIGH, MIKROBUS_STATE_INPUT, veml6070, I2C, 0x70, NONE, NONE, , , ,
